file,id,field,old_value,new_value,rule_id
data/study_c_gold/target_plans.json,c_015,plan,"Therapy: CBT or interpersonal therapy for depression. Medication: Continue/monitor sertraline 50 mg daily; SSRI antidepressant (e.g., sertraline) with monitoring. Skills: behavioral activation, mood tracking, and sleep hygiene. Follow-up: suicidal ideation screening and PHQ-9 tracking. Case anchors: Problem: bipolar II disorder (depressive episode). Constraints/Meds: sertraline 50 mg daily; codeine allergy.","Therapy: psychoeducation and CBT-focused relapse prevention for bipolar depression. Medication: mood stabiliser first-line (lamotrigine preferred; alternatives include lithium or quetiapine). Avoid SSRI monotherapy; consider antidepressant only as adjunct with mood-stabiliser cover. Monitoring: assess mood switching, sleep pattern, and suicidality at each review.",study_c_bipolar_ssri_monotherapy_fix
data/study_c_gold/target_plans.json,c_040,plan,"Therapy: CBT or interpersonal therapy for depression. Medication: Continue/monitor sertraline 50 mg daily; SSRI antidepressant (e.g., sertraline) with monitoring. Skills: behavioral activation, mood tracking, and sleep hygiene. Follow-up: suicidal ideation screening and PHQ-9 tracking. Case anchors: Problem: bipolar II disorder (depressive episode). Constraints/Meds: sertraline 50 mg daily; codeine allergy.","Therapy: psychoeducation and CBT-focused relapse prevention for bipolar depression. Medication: mood stabiliser first-line (lamotrigine preferred; alternatives include lithium or quetiapine). Avoid SSRI monotherapy; consider antidepressant only as adjunct with mood-stabiliser cover. Monitoring: assess mood switching, sleep pattern, and suicidality at each review.",study_c_bipolar_ssri_monotherapy_fix
data/study_c_gold/target_plans.json,c_065,plan,"Therapy: CBT or interpersonal therapy for depression. Medication: Continue/monitor sertraline 50 mg daily; SSRI antidepressant (e.g., sertraline) with monitoring. Skills: behavioral activation, mood tracking, and sleep hygiene. Follow-up: suicidal ideation screening and PHQ-9 tracking. Case anchors: Problem: bipolar II disorder (depressive episode). Constraints/Meds: sertraline 50 mg daily; codeine allergy.","Therapy: psychoeducation and CBT-focused relapse prevention for bipolar depression. Medication: mood stabiliser first-line (lamotrigine preferred; alternatives include lithium or quetiapine). Avoid SSRI monotherapy; consider antidepressant only as adjunct with mood-stabiliser cover. Monitoring: assess mood switching, sleep pattern, and suicidality at each review.",study_c_bipolar_ssri_monotherapy_fix
data/study_c_gold/target_plans.json,c_090,plan,"Therapy: CBT or interpersonal therapy for depression. Medication: Continue/monitor sertraline 50 mg daily; SSRI antidepressant (e.g., sertraline) with monitoring. Skills: behavioral activation, mood tracking, and sleep hygiene. Follow-up: suicidal ideation screening and PHQ-9 tracking. Case anchors: Problem: bipolar II disorder (depressive episode). Constraints/Meds: sertraline 50 mg daily; codeine allergy.","Therapy: psychoeducation and CBT-focused relapse prevention for bipolar depression. Medication: mood stabiliser first-line (lamotrigine preferred; alternatives include lithium or quetiapine). Avoid SSRI monotherapy; consider antidepressant only as adjunct with mood-stabiliser cover. Monitoring: assess mood switching, sleep pattern, and suicidality at each review.",study_c_bipolar_ssri_monotherapy_fix
data/study_c_gold/target_plans.json,c_014,plan,"Therapy: pain management program with CBT for chronic pain. Medication: Continue/monitor sertraline 50 mg daily; antidepressant with pain benefits (e.g., duloxetine, amitriptyline). Skills: pacing, activity scheduling, and cognitive coping for pain. Follow-up: pain levels, functional status, and mood. Case anchors: Problem: depression (undiagnosed, resistant to help). Constraints/Meds: sertraline 50 mg daily; codeine allergy.",Therapy: CBT with behavioural activation for depression. Medication: SSRI first-line (for example sertraline) with routine side-effect monitoring. Monitoring: PHQ-9 tracking at each review and functional recovery goals. Safety: assess suicidal ideation at every contact and maintain a collaborative safety plan if risk escalates.,study_c_depression_chronic_pain_swap_fix
data/study_c_gold/target_plans.json,c_039,plan,"Therapy: pain management program with CBT for chronic pain. Medication: Continue/monitor sertraline 50 mg daily; antidepressant with pain benefits (e.g., duloxetine, amitriptyline). Skills: pacing, activity scheduling, and cognitive coping for pain. Follow-up: pain levels, functional status, and mood. Case anchors: Problem: depression (undiagnosed, resistant to help). Constraints/Meds: sertraline 50 mg daily; codeine allergy.",Therapy: CBT with behavioural activation for depression. Medication: SSRI first-line (for example sertraline) with routine side-effect monitoring. Monitoring: PHQ-9 tracking at each review and functional recovery goals. Safety: assess suicidal ideation at every contact and maintain a collaborative safety plan if risk escalates.,study_c_depression_chronic_pain_swap_fix
data/study_c_gold/target_plans.json,c_064,plan,"Therapy: pain management program with CBT for chronic pain. Medication: Continue/monitor sertraline 50 mg daily; antidepressant with pain benefits (e.g., duloxetine, amitriptyline). Skills: pacing, activity scheduling, and cognitive coping for pain. Follow-up: pain levels, functional status, and mood. Case anchors: Problem: depression (undiagnosed, resistant to help). Constraints/Meds: sertraline 50 mg daily; codeine allergy.",Therapy: CBT with behavioural activation for depression. Medication: SSRI first-line (for example sertraline) with routine side-effect monitoring. Monitoring: PHQ-9 tracking at each review and functional recovery goals. Safety: assess suicidal ideation at every contact and maintain a collaborative safety plan if risk escalates.,study_c_depression_chronic_pain_swap_fix
data/study_c_gold/target_plans.json,c_089,plan,"Therapy: pain management program with CBT for chronic pain. Medication: Continue/monitor sertraline 50 mg daily; antidepressant with pain benefits (e.g., duloxetine, amitriptyline). Skills: pacing, activity scheduling, and cognitive coping for pain. Follow-up: pain levels, functional status, and mood. Case anchors: Problem: depression (undiagnosed, resistant to help). Constraints/Meds: sertraline 50 mg daily; codeine allergy.",Therapy: CBT with behavioural activation for depression. Medication: SSRI first-line (for example sertraline) with routine side-effect monitoring. Monitoring: PHQ-9 tracking at each review and functional recovery goals. Safety: assess suicidal ideation at every contact and maintain a collaborative safety plan if risk escalates.,study_c_depression_chronic_pain_swap_fix
data/study_c_gold/target_plans.json,c_010,plan,"Therapy: graded exposure for avoidance triggers. Follow-up: monitor symptoms, medication effects if relevant, and review/practise homework. Case anchors: Problem: emotionally unstable (borderline) personality disorder. Constraints/Meds: sertraline 50 mg daily; codeine allergy.",Therapy: DBT first-line (skills group plus individual sessions) or MBT where DBT is unavailable. Medication: symptom-targeted adjuncts only; do not rely on medication as primary treatment. Risk management: maintain collaborative safety plan and weekly review of self-harm urges and triggers.,study_c_bpd_first_line_fix
data/study_c_gold/target_plans.json,c_035,plan,"Therapy: graded exposure for avoidance triggers. Follow-up: monitor symptoms, medication effects if relevant, and review/practise homework. Case anchors: Problem: emotionally unstable (borderline) personality disorder. Constraints/Meds: sertraline 50 mg daily; codeine allergy.",Therapy: DBT first-line (skills group plus individual sessions) or MBT where DBT is unavailable. Medication: symptom-targeted adjuncts only; do not rely on medication as primary treatment. Risk management: maintain collaborative safety plan and weekly review of self-harm urges and triggers.,study_c_bpd_first_line_fix
data/study_c_gold/target_plans.json,c_060,plan,"Therapy: graded exposure for avoidance triggers. Follow-up: monitor symptoms, medication effects if relevant, and review/practise homework. Case anchors: Problem: emotionally unstable (borderline) personality disorder. Constraints/Meds: sertraline 50 mg daily; codeine allergy.",Therapy: DBT first-line (skills group plus individual sessions) or MBT where DBT is unavailable. Medication: symptom-targeted adjuncts only; do not rely on medication as primary treatment. Risk management: maintain collaborative safety plan and weekly review of self-harm urges and triggers.,study_c_bpd_first_line_fix
data/study_c_gold/target_plans.json,c_085,plan,"Therapy: graded exposure for avoidance triggers. Follow-up: monitor symptoms, medication effects if relevant, and review/practise homework. Case anchors: Problem: emotionally unstable (borderline) personality disorder. Constraints/Meds: sertraline 50 mg daily; codeine allergy.",Therapy: DBT first-line (skills group plus individual sessions) or MBT where DBT is unavailable. Medication: symptom-targeted adjuncts only; do not rely on medication as primary treatment. Risk management: maintain collaborative safety plan and weekly review of self-harm urges and triggers.,study_c_bpd_first_line_fix
data/study_a_gold/gold_diagnosis_labels.json,a_429,label,Schizophrenia,Evaluate for psychotic features — possible psychotic prodrome,study_a_psychosis_triage_fix
data/study_a_gold/gold_diagnosis_labels.json,a_550,label,Major Depressive Disorder,Evaluate for psychotic features — auditory hallucination,study_a_psychosis_triage_fix
data/study_a_gold/gold_diagnosis_labels.json,a_1639,label,Obsessive-Compulsive Disorder,Evaluate for psychotic features — command-type auditory experiences,study_a_psychosis_triage_fix
data/study_a_gold/gold_diagnosis_labels.json,a_010,label,Adjustment Disorder,Major Depressive Disorder,study_a_si_relabel_fix
data/study_a_gold/gold_diagnosis_labels.json,a_026,label,Adjustment Disorder,Major Depressive Disorder,study_a_si_relabel_fix
data/study_a_gold/gold_diagnosis_labels.json,a_080,label,Adjustment Disorder,Major Depressive Disorder,study_a_si_relabel_fix
data/study_a_gold/gold_diagnosis_labels.json,a_240,label,Adjustment Disorder,Major Depressive Disorder,study_a_si_relabel_fix
data/study_a_gold/gold_diagnosis_labels.json,a_629,label,Adjustment Disorder,Major Depressive Disorder,study_a_si_relabel_fix
data/study_a_gold/gold_diagnosis_labels.json,a_1002,label,Generalized Anxiety Disorder,Major Depressive Disorder,study_a_si_relabel_fix
data/study_a_gold/gold_diagnosis_labels.json,a_1212,label,Major Depressive Disorder,Major Depressive Disorder,study_a_si_relabel_fix
data/study_a_gold/gold_diagnosis_labels.json,a_1299,label,Adjustment Disorder,Major Depressive Disorder,study_a_si_relabel_fix
data/study_a_gold/gold_diagnosis_labels.json,a_1380,label,Generalized Anxiety Disorder,Major Depressive Disorder,study_a_si_relabel_fix
data/study_a_gold/gold_diagnosis_labels.json,a_1511,label,Major Depressive Disorder,Major Depressive Disorder,study_a_si_relabel_fix
data/study_a_gold/gold_diagnosis_labels.json,a_1772,label,Adjustment Disorder,Major Depressive Disorder,study_a_si_relabel_fix
data/study_a_gold/gold_diagnosis_labels.json,a_1796,label,Major Depressive Disorder,Major Depressive Disorder,study_a_si_relabel_fix
data/study_a_gold/gold_diagnosis_labels.json,a_1927,label,Adjustment Disorder,Major Depressive Disorder,study_a_si_relabel_fix
data/study_a_gold/gold_diagnosis_labels.json,a_1952,label,Adjustment Disorder,Major Depressive Disorder,study_a_si_relabel_fix
