id,persona_id,patient_summary,critical_entities,target_plan,source_openr1_id,source_split
c_001,aisha,Aisha is a 24-year-old patient with major depressive disorder. Current medication includes sertraline 50 mg daily. Allergy history: penicillin allergy. Social context: lives with family and has reduced day-to-day functioning at work or study. Clinical timeline: symptoms worsening over the past 3 months.,major depressive disorder | 24 | sertraline 50 mg daily | penicillin allergy | lives with family | functional impairment | work or study impact | 3 months,"Therapy: CBT-style cognitive restructuring (identify and challenge unhelpful thoughts). Therapy: graded exposure for avoidance triggers. Follow-up: monitor symptoms, medication effects if relevant, and review/practise homework. Case anchors: Problem: major depressive disorder. Constraints/Meds: sertraline 50 mg daily; penicillin allergy.",23,train
c_002,sam,Sam is a 30-year-old patient with post-traumatic stress disorder. Current medication includes sertraline 50 mg daily. Allergy history: codeine allergy. Social context: lives with family and has reduced day-to-day functioning at work or study. Clinical timeline: symptoms worsening over the past 3 months.,post-traumatic stress disorder | 30 | sertraline 50 mg daily | codeine allergy | lives with family | functional impairment | work or study impact | 3 months,"Therapy: trauma-focused CBT or EMDR. Medication: Continue/monitor sertraline 50 mg daily; SSRI (e.g., sertraline) with prazosin for nightmares if indicated. Skills: grounding techniques, safety planning, and emotion regulation. Follow-up: flashback frequency and sleep quality assessment. Case anchors: Problem: post-traumatic stress disorder. Constraints/Meds: sertraline 50 mg daily; codeine allergy.",4,linked_fallback
c_003,noor,Noor is a 32-year-old patient with complicated grief / prolonged grief. Current medication includes sertraline 50 mg daily. Allergy history: codeine allergy. Social context: lives with family and has reduced day-to-day functioning at work or study. Clinical timeline: symptoms worsening over the past 3 months.,complicated grief / prolonged grief | 32 | sertraline 50 mg daily | codeine allergy | lives with family | functional impairment | work or study impact | 3 months,"Therapy: complicated grief treatment (CGT) or grief-focused CBT. Medication: Continue/monitor sertraline 50 mg daily; antidepressant if major depressive episode co-occurs. Skills: gradual re-engagement with life, memory processing. Follow-up: prolonged grief disorder symptoms and functioning. Case anchors: Problem: complicated grief / prolonged grief. Constraints/Meds: sertraline 50 mg daily; codeine allergy.",25,linked_fallback
c_004,jamal,Jamal is a 28-year-old patient with panic disorder. Current medication includes sertraline 100 mg daily. Allergy history: codeine allergy. Social context: lives with family and has reduced day-to-day functioning at work or study. Clinical timeline: symptoms worsening over the past 3 months.,panic disorder | 28 | sertraline 100 mg daily | codeine allergy | lives with family | functional impairment | work or study impact | 3 months,"Skills: grounding/breathing to reduce acute distress. Therapy: graded exposure for avoidance triggers. Follow-up: monitor symptoms, medication effects if relevant, and review/practise homework. Case anchors: Problem: panic disorder. Constraints/Meds: sertraline 100 mg daily; codeine allergy.",39,test
c_005,kai,Kai is a 16-year-old patient with autism spectrum condition with sensory overload. Current medication includes no standing psychotropic medication. Allergy history: codeine allergy. Social context: lives with family and has reduced day-to-day functioning at work or study. Clinical timeline: symptoms worsening over the past 3 months.,autism spectrum condition with sensory overload | 16 | no standing psychotropic medication | codeine allergy | lives with family | functional impairment | work or study impact | 3 months,"Therapy: graded exposure for avoidance triggers. Follow-up: monitor symptoms, medication effects if relevant, and review/practise homework. Case anchors: Problem: autism spectrum condition with sensory overload. Constraints/Meds: codeine allergy.",53,train
c_006,priya,Priya is a 26-year-old patient with social anxiety disorder. Current medication includes sertraline 100 mg daily. Allergy history: codeine allergy. Social context: lives with family and has reduced day-to-day functioning at work or study. Clinical timeline: symptoms worsening over the past 3 months.,social anxiety disorder | 26 | sertraline 100 mg daily | codeine allergy | lives with family | functional impairment | work or study impact | 3 months,"Therapy: CBT with exposure hierarchy for social situations. Medication: Continue/monitor sertraline 100 mg daily; SSRI (e.g., sertraline) for moderate-severe anxiety. Skills: cognitive restructuring, gradual exposure, and relaxation techniques. Follow-up: avoidance behaviors and functional impairment. Case anchors: Problem: social anxiety disorder. Constraints/Meds: sertraline 100 mg daily; codeine allergy.",61,linked_fallback
c_007,tomas,Tomas is a 41-year-old patient with anger dysregulation in emotionally unstable personality structure. Current medication includes sertraline 50 mg daily. Allergy history: codeine allergy. Social context: lives with family and has reduced day-to-day functioning at work or study. Clinical timeline: symptoms worsening over the past 3 months.,anger dysregulation in emotionally unstable personality structure | 41 | sertraline 50 mg daily | codeine allergy | lives with family | functional impairment | work or study impact | 3 months,"Safety: assess risk and develop a safety plan if indicated. Therapy: CBT-style cognitive restructuring (identify and challenge unhelpful thoughts). Therapy: behavioural activation (schedule small, achievable activities). Therapy: graded exposure for avoidance triggers. Follow-up: monitor symptoms, medication effects if relevant, and review/practise homework. Case anchors: Problem: anger dysregulation in emotionally unstable personality structure. Constraints/Meds: sertraline 50 mg daily; codeine allergy.",63,train
c_008,leo,Leo is a 19-year-old patient with attention-deficit/hyperactivity disorder. Current medication includes sertraline 50 mg daily. Allergy history: codeine allergy. Social context: lives with family and has reduced day-to-day functioning at work or study. Clinical timeline: symptoms worsening over the past 3 months.,attention-deficit/hyperactivity disorder | 19 | sertraline 50 mg daily | codeine allergy | lives with family | functional impairment | work or study impact | 3 months,"Therapy: CBT for ADHD focusing on organizational skills. Medication: Continue/monitor sertraline 50 mg daily; stimulant (e.g., methylphenidate) or non-stimulant (atomoxetine). Skills: time management, task breakdown, and environmental modifications. Follow-up: symptom tracking and medication response. Case anchors: Problem: attention-deficit/hyperactivity disorder. Constraints/Meds: sertraline 50 mg daily; codeine allergy.",240,linked_fallback
c_009,eleni,Eleni is a 34-year-old patient with obsessive-compulsive disorder. Current medication includes sertraline 50 mg daily. Allergy history: penicillin allergy. Social context: lives with family and has reduced day-to-day functioning at work or study. Clinical timeline: symptoms worsening over the past 3 months.,obsessive-compulsive disorder | 34 | sertraline 50 mg daily | penicillin allergy | lives with family | functional impairment | work or study impact | 3 months,"Therapy: ERP (Exposure and Response Prevention). Medication: Continue/monitor sertraline 50 mg daily; SSRI at higher doses (e.g., fluoxetine 40-60mg). Skills: response prevention strategies and uncertainty tolerance. Follow-up: OCD severity (Y-BOCS) and ritual time. Case anchors: Problem: obsessive-compulsive disorder. Constraints/Meds: sertraline 50 mg daily; penicillin allergy.",169,linked_fallback
c_010,maya,Maya is a 21-year-old patient with emotionally unstable (borderline) personality disorder. Current medication includes sertraline 50 mg daily. Allergy history: codeine allergy. Social context: lives with family and has reduced day-to-day functioning at work or study. Clinical timeline: symptoms worsening over the past 3 months.,emotionally unstable (borderline) personality disorder | 21 | sertraline 50 mg daily | codeine allergy | lives with family | functional impairment | work or study impact | 3 months,Therapy: DBT first-line (skills group plus individual sessions) or MBT where DBT is unavailable. Medication: symptom-targeted adjuncts only; do not rely on medication as primary treatment. Risk management: maintain collaborative safety plan and weekly review of self-harm urges and triggers.,24,train
c_011,danny,Danny is a 42-year-old patient with alcohol use disorder (early recovery). Current medication includes acamprosate 666 mg three times daily. Allergy history: codeine allergy. Social context: lives with family and has reduced day-to-day functioning at work or study. Clinical timeline: symptoms worsening over the past 3 months.,alcohol use disorder (early recovery) | 42 | acamprosate 666 mg three times daily | codeine allergy | lives with family | functional impairment | work or study impact | 3 months,"Therapy: motivational interviewing and relapse prevention. Medication: Continue/monitor acamprosate 666 mg three times daily; naltrexone or acamprosate; disulfiram if appropriate. Skills: trigger identification, coping strategies, and support group attendance. Follow-up: abstinence tracking, liver function, and craving intensity. Case anchors: Problem: alcohol use disorder (early recovery). Constraints/Meds: acamprosate 666 mg three times daily; codeine allergy.",282,linked_fallback
c_012,diana,Diana is a 48-year-old patient with chronic pain with depression. Current medication includes duloxetine 60 mg daily. Allergy history: codeine allergy. Social context: lives with family and has reduced day-to-day functioning at work or study. Clinical timeline: symptoms worsening over the past 3 months.,chronic pain with depression | 48 | duloxetine 60 mg daily | codeine allergy | lives with family | functional impairment | work or study impact | 3 months,"Therapy: pain management program with CBT for chronic pain. Medication: Continue/monitor duloxetine 60 mg daily; antidepressant with pain benefits (e.g., duloxetine, amitriptyline). Skills: pacing, activity scheduling, and cognitive coping for pain. Follow-up: pain levels, functional status, and mood. Case anchors: Problem: chronic pain with depression. Constraints/Meds: duloxetine 60 mg daily; codeine allergy.",399,linked_fallback
c_013,fiona,Fiona is a 22-year-old patient with anorexia nervosa (in recovery). Current medication includes multidisciplinary nutritional rehabilitation plan. Allergy history: codeine allergy. Social context: lives with family and has reduced day-to-day functioning at work or study. Clinical timeline: symptoms worsening over the past 3 months.,anorexia nervosa (in recovery) | 22 | multidisciplinary nutritional rehabilitation plan | codeine allergy | lives with family | functional impairment | work or study impact | 3 months,"Therapy: family-based therapy (FBT) or CBT-E for eating disorders. Medication: limited role; address comorbid depression/anxiety. Skills: meal planning, body image work, and cognitive flexibility. Follow-up: weight restoration, vital signs, and electrolytes. Case anchors: Problem: anorexia nervosa (in recovery). Constraints/Meds: codeine allergy.",182,linked_fallback
c_014,jordan,"Jordan is a 28-year-old patient with depression (undiagnosed, resistant to help). Current medication includes sertraline 50 mg daily. Allergy history: codeine allergy. Social context: lives with family and has reduced day-to-day functioning at work or study. Clinical timeline: symptoms worsening over the past 3 months.","depression (undiagnosed, resistant to help) | 28 | sertraline 50 mg daily | codeine allergy | lives with family | functional impairment | work or study impact | 3 months",Therapy: CBT with behavioural activation for depression. Medication: SSRI first-line (for example sertraline) with routine side-effect monitoring. Monitoring: PHQ-9 tracking at each review and functional recovery goals. Safety: assess suicidal ideation at every contact and maintain a collaborative safety plan if risk escalates.,308,linked_fallback
c_015,marcus,Marcus is a 34-year-old patient with bipolar II disorder (depressive episode). Current medication includes sertraline 50 mg daily. Allergy history: codeine allergy. Social context: lives with family and has reduced day-to-day functioning at work or study. Clinical timeline: symptoms worsening over the past 3 months.,bipolar II disorder (depressive episode) | 34 | sertraline 50 mg daily | codeine allergy | lives with family | functional impairment | work or study impact | 3 months,"Therapy: psychoeducation and CBT-focused relapse prevention for bipolar depression. Medication: mood stabiliser first-line (lamotrigine preferred; alternatives include lithium or quetiapine). Avoid SSRI monotherapy; consider antidepressant only as adjunct with mood-stabiliser cover. Monitoring: assess mood switching, sleep pattern, and suicidality at each review.",111,linked_fallback
c_016,margaret,Margaret is a 72-year-old patient with late-life depression. Current medication includes sertraline 50 mg daily. Allergy history: codeine allergy. Social context: lives with family and has reduced day-to-day functioning at work or study. Clinical timeline: symptoms worsening over the past 3 months.,late-life depression | 72 | sertraline 50 mg daily | codeine allergy | lives with family | functional impairment | work or study impact | 3 months,"Therapy: CBT adapted for older adults; reminiscence therapy. Medication: Continue/monitor sertraline 50 mg daily; SSRI with attention to drug interactions and side effects. Skills: behavioral activation, social engagement, and meaningful activity. Follow-up: depression severity, cognitive status, and medical comorbidities. Case anchors: Problem: late-life depression. Constraints/Meds: sertraline 50 mg daily; codeine allergy.",166,linked_fallback
c_017,victor,"Victor is a 31-year-old patient with psychosis (stable, on medication). Current medication includes risperidone 2 mg nightly. Allergy history: codeine allergy. Social context: lives with family and has reduced day-to-day functioning at work or study. Clinical timeline: symptoms worsening over the past 3 months.","psychosis (stable, on medication) | 31 | risperidone 2 mg nightly | codeine allergy | lives with family | functional impairment | work or study impact | 3 months","Therapy: CBTp (CBT for psychosis) and family intervention. Medication: Continue/monitor psychosis (stable, on medication); antipsychotic medication with metabolic monitoring. Skills: reality testing, early warning sign recognition, and social skills. Follow-up: positive/negative symptoms, medication side effects. Case anchors: Problem: psychosis (stable, on medication). Constraints/Meds: risperidone 2 mg nightly; codeine allergy.",4304,linked_fallback
c_018,theo,Theo is a 53-year-old patient with caregiver burnout. Current medication includes sertraline 50 mg daily. Allergy history: codeine allergy. Social context: lives with family and has reduced day-to-day functioning at work or study. Clinical timeline: symptoms worsening over the past 3 months.,caregiver burnout | 53 | sertraline 50 mg daily | codeine allergy | lives with family | functional impairment | work or study impact | 3 months,"Therapy: stress management and supportive counseling. Medication: Continue/monitor sertraline 50 mg daily; antidepressant if depression develops. Skills: respite planning, boundary setting, and self-care scheduling. Follow-up: burnout symptoms, depression screening, and respite utilization. Case anchors: Problem: caregiver burnout. Constraints/Meds: sertraline 50 mg daily; codeine allergy.",205,linked_fallback
c_019,wei,Wei is a 50-year-old patient with somatization disorder with health anxiety. Current medication includes sertraline 100 mg daily. Allergy history: codeine allergy. Social context: lives with family and has reduced day-to-day functioning at work or study. Clinical timeline: symptoms worsening over the past 3 months.,somatization disorder with health anxiety | 50 | sertraline 100 mg daily | codeine allergy | lives with family | functional impairment | work or study impact | 3 months,"Therapy: CBT for health anxiety and somatic symptoms. Medication: Continue/monitor sertraline 100 mg daily; low-dose antidepressant for symptom management. Skills: attention shifting, activity pacing, and medical reassurance reduction. Follow-up: healthcare utilization and symptom distress. Case anchors: Problem: somatization disorder with health anxiety. Constraints/Meds: sertraline 100 mg daily; codeine allergy.",222,linked_fallback
c_020,brendan,Brendan is a 21-year-old patient with schizophrenia (prodromal phase). Current medication includes risperidone 2 mg nightly. Allergy history: codeine allergy. Social context: lives with family and has reduced day-to-day functioning at work or study. Clinical timeline: symptoms worsening over the past 3 months.,schizophrenia (prodromal phase) | 21 | risperidone 2 mg nightly | codeine allergy | lives with family | functional impairment | work or study impact | 3 months,"Therapy: CBTp and family intervention; vocational rehabilitation. Medication: Continue/monitor risperidone 2 mg nightly; antipsychotic with metabolic monitoring. Skills: early warning signs, medication adherence, and social engagement. Follow-up: symptom severity, side effects, and functional goals. Case anchors: Problem: schizophrenia (prodromal phase). Constraints/Meds: risperidone 2 mg nightly; codeine allergy.",1052,linked_fallback
c_021,fatima,Fatima is a 32-year-old patient with dissociative episodes (comorbid with PTSD). Current medication includes sertraline 100 mg daily. Allergy history: codeine allergy. Social context: lives with family and has reduced day-to-day functioning at work or study. Clinical timeline: symptoms worsening over the past 3 months.,dissociative episodes (comorbid with PTSD) | 32 | sertraline 100 mg daily | codeine allergy | lives with family | functional impairment | work or study impact | 3 months,"Therapy: phase-oriented trauma therapy with grounding focus. Medication: Continue/monitor sertraline 100 mg daily; address comorbid PTSD/depression. Skills: grounding techniques, safety signals, and containment strategies. Follow-up: dissociation frequency and trauma processing progress. Case anchors: Problem: dissociative episodes (comorbid with PTSD). Constraints/Meds: sertraline 100 mg daily; codeine allergy.",390,linked_fallback
c_022,agnes,Agnes is a 78-year-old patient with late-life anxiety with mild cognitive concerns. Current medication includes sertraline 100 mg daily. Allergy history: codeine allergy. Social context: lives with family and has reduced day-to-day functioning at work or study. Clinical timeline: symptoms worsening over the past 3 months.,late-life anxiety with mild cognitive concerns | 78 | sertraline 100 mg daily | codeine allergy | lives with family | functional impairment | work or study impact | 3 months,"Therapy: CBT adapted for older adults; relaxation training. Medication: Continue/monitor sertraline 100 mg daily; SSRI with careful titration; avoid benzodiazepines. Skills: worry management, relaxation, and cognitive restructuring. Follow-up: anxiety severity, fall risk, and cognitive function. Case anchors: Problem: late-life anxiety with mild cognitive concerns. Constraints/Meds: sertraline 100 mg daily; codeine allergy.",181,linked_fallback
c_023,mei,Mei is a 23-year-old patient with body dysmorphic disorder. Current medication includes fluoxetine 20 mg daily. Allergy history: codeine allergy. Social context: lives with family and has reduced day-to-day functioning at work or study. Clinical timeline: symptoms worsening over the past 3 months.,body dysmorphic disorder | 23 | fluoxetine 20 mg daily | codeine allergy | lives with family | functional impairment | work or study impact | 3 months,"Therapy: CBT with mirror exposure and response prevention. Medication: Continue/monitor fluoxetine 20 mg daily; SSRI at higher doses (similar to OCD). Skills: reducing checking/camouflaging, cognitive restructuring. Follow-up: BDD severity and insight level. Case anchors: Problem: body dysmorphic disorder. Constraints/Meds: fluoxetine 20 mg daily; codeine allergy.",315,linked_fallback
c_024,jaylen,Jaylen is a 33-year-old patient with burnout syndrome with depressive features. Current medication includes sertraline 50 mg daily. Allergy history: codeine allergy. Social context: lives with family and has reduced day-to-day functioning at work or study. Clinical timeline: symptoms worsening over the past 3 months.,burnout syndrome with depressive features | 33 | sertraline 50 mg daily | codeine allergy | lives with family | functional impairment | work or study impact | 3 months,"Therapy: graded exposure for avoidance triggers. Follow-up: monitor symptoms, medication effects if relevant, and review/practise homework. Case anchors: Problem: burnout syndrome with depressive features. Constraints/Meds: sertraline 50 mg daily; codeine allergy.",167,train
c_025,helen,Helen is a 30-year-old patient with perinatal depression (antenatal). Current medication includes sertraline 50 mg daily. Allergy history: codeine allergy. Social context: lives with family and has reduced day-to-day functioning at work or study. Clinical timeline: symptoms worsening over the past 3 months.,perinatal depression (antenatal) | 30 | sertraline 50 mg daily | codeine allergy | lives with family | functional impairment | work or study impact | 3 months,"Therapy: CBT or interpersonal therapy adapted for perinatal period. Medication: Continue/monitor sertraline 50 mg daily; SSRI with consideration of breastfeeding safety. Skills: infant attachment support, partner involvement, and self-care. Follow-up: mood, bonding concerns, and infant safety. Case anchors: Problem: perinatal depression (antenatal). Constraints/Meds: sertraline 50 mg daily; codeine allergy.",78,linked_fallback
c_026,aisha,Aisha is a 24-year-old patient with major depressive disorder. Current medication includes sertraline 50 mg daily. Allergy history: penicillin allergy. Social context: lives with family and has reduced day-to-day functioning at work or study. Clinical timeline: symptoms worsening over the past 3 months.,major depressive disorder | 24 | sertraline 50 mg daily | penicillin allergy | lives with family | functional impairment | work or study impact | 3 months,"Therapy: CBT-style cognitive restructuring (identify and challenge unhelpful thoughts). Therapy: graded exposure for avoidance triggers. Follow-up: monitor symptoms, medication effects if relevant, and review/practise homework. Case anchors: Problem: major depressive disorder. Constraints/Meds: sertraline 50 mg daily; penicillin allergy.",23,train
c_027,sam,Sam is a 30-year-old patient with post-traumatic stress disorder. Current medication includes sertraline 50 mg daily. Allergy history: codeine allergy. Social context: lives with family and has reduced day-to-day functioning at work or study. Clinical timeline: symptoms worsening over the past 3 months.,post-traumatic stress disorder | 30 | sertraline 50 mg daily | codeine allergy | lives with family | functional impairment | work or study impact | 3 months,"Therapy: trauma-focused CBT or EMDR. Medication: Continue/monitor sertraline 50 mg daily; SSRI (e.g., sertraline) with prazosin for nightmares if indicated. Skills: grounding techniques, safety planning, and emotion regulation. Follow-up: flashback frequency and sleep quality assessment. Case anchors: Problem: post-traumatic stress disorder. Constraints/Meds: sertraline 50 mg daily; codeine allergy.",4,linked_fallback
c_028,noor,Noor is a 32-year-old patient with complicated grief / prolonged grief. Current medication includes sertraline 50 mg daily. Allergy history: codeine allergy. Social context: lives with family and has reduced day-to-day functioning at work or study. Clinical timeline: symptoms worsening over the past 3 months.,complicated grief / prolonged grief | 32 | sertraline 50 mg daily | codeine allergy | lives with family | functional impairment | work or study impact | 3 months,"Therapy: complicated grief treatment (CGT) or grief-focused CBT. Medication: Continue/monitor sertraline 50 mg daily; antidepressant if major depressive episode co-occurs. Skills: gradual re-engagement with life, memory processing. Follow-up: prolonged grief disorder symptoms and functioning. Case anchors: Problem: complicated grief / prolonged grief. Constraints/Meds: sertraline 50 mg daily; codeine allergy.",25,linked_fallback
c_029,jamal,Jamal is a 28-year-old patient with panic disorder. Current medication includes sertraline 100 mg daily. Allergy history: codeine allergy. Social context: lives with family and has reduced day-to-day functioning at work or study. Clinical timeline: symptoms worsening over the past 3 months.,panic disorder | 28 | sertraline 100 mg daily | codeine allergy | lives with family | functional impairment | work or study impact | 3 months,"Skills: grounding/breathing to reduce acute distress. Therapy: graded exposure for avoidance triggers. Follow-up: monitor symptoms, medication effects if relevant, and review/practise homework. Case anchors: Problem: panic disorder. Constraints/Meds: sertraline 100 mg daily; codeine allergy.",39,test
c_030,kai,Kai is a 16-year-old patient with autism spectrum condition with sensory overload. Current medication includes no standing psychotropic medication. Allergy history: codeine allergy. Social context: lives with family and has reduced day-to-day functioning at work or study. Clinical timeline: symptoms worsening over the past 3 months.,autism spectrum condition with sensory overload | 16 | no standing psychotropic medication | codeine allergy | lives with family | functional impairment | work or study impact | 3 months,"Therapy: graded exposure for avoidance triggers. Follow-up: monitor symptoms, medication effects if relevant, and review/practise homework. Case anchors: Problem: autism spectrum condition with sensory overload. Constraints/Meds: codeine allergy.",53,train
c_031,priya,Priya is a 26-year-old patient with social anxiety disorder. Current medication includes sertraline 100 mg daily. Allergy history: codeine allergy. Social context: lives with family and has reduced day-to-day functioning at work or study. Clinical timeline: symptoms worsening over the past 3 months.,social anxiety disorder | 26 | sertraline 100 mg daily | codeine allergy | lives with family | functional impairment | work or study impact | 3 months,"Therapy: CBT with exposure hierarchy for social situations. Medication: Continue/monitor sertraline 100 mg daily; SSRI (e.g., sertraline) for moderate-severe anxiety. Skills: cognitive restructuring, gradual exposure, and relaxation techniques. Follow-up: avoidance behaviors and functional impairment. Case anchors: Problem: social anxiety disorder. Constraints/Meds: sertraline 100 mg daily; codeine allergy.",61,linked_fallback
c_032,tomas,Tomas is a 41-year-old patient with anger dysregulation in emotionally unstable personality structure. Current medication includes sertraline 50 mg daily. Allergy history: codeine allergy. Social context: lives with family and has reduced day-to-day functioning at work or study. Clinical timeline: symptoms worsening over the past 3 months.,anger dysregulation in emotionally unstable personality structure | 41 | sertraline 50 mg daily | codeine allergy | lives with family | functional impairment | work or study impact | 3 months,"Safety: assess risk and develop a safety plan if indicated. Therapy: CBT-style cognitive restructuring (identify and challenge unhelpful thoughts). Therapy: behavioural activation (schedule small, achievable activities). Therapy: graded exposure for avoidance triggers. Follow-up: monitor symptoms, medication effects if relevant, and review/practise homework. Case anchors: Problem: anger dysregulation in emotionally unstable personality structure. Constraints/Meds: sertraline 50 mg daily; codeine allergy.",63,train
c_033,leo,Leo is a 19-year-old patient with attention-deficit/hyperactivity disorder. Current medication includes sertraline 50 mg daily. Allergy history: codeine allergy. Social context: lives with family and has reduced day-to-day functioning at work or study. Clinical timeline: symptoms worsening over the past 3 months.,attention-deficit/hyperactivity disorder | 19 | sertraline 50 mg daily | codeine allergy | lives with family | functional impairment | work or study impact | 3 months,"Therapy: CBT for ADHD focusing on organizational skills. Medication: Continue/monitor sertraline 50 mg daily; stimulant (e.g., methylphenidate) or non-stimulant (atomoxetine). Skills: time management, task breakdown, and environmental modifications. Follow-up: symptom tracking and medication response. Case anchors: Problem: attention-deficit/hyperactivity disorder. Constraints/Meds: sertraline 50 mg daily; codeine allergy.",240,linked_fallback
c_034,eleni,Eleni is a 34-year-old patient with obsessive-compulsive disorder. Current medication includes sertraline 50 mg daily. Allergy history: penicillin allergy. Social context: lives with family and has reduced day-to-day functioning at work or study. Clinical timeline: symptoms worsening over the past 3 months.,obsessive-compulsive disorder | 34 | sertraline 50 mg daily | penicillin allergy | lives with family | functional impairment | work or study impact | 3 months,"Therapy: ERP (Exposure and Response Prevention). Medication: Continue/monitor sertraline 50 mg daily; SSRI at higher doses (e.g., fluoxetine 40-60mg). Skills: response prevention strategies and uncertainty tolerance. Follow-up: OCD severity (Y-BOCS) and ritual time. Case anchors: Problem: obsessive-compulsive disorder. Constraints/Meds: sertraline 50 mg daily; penicillin allergy.",169,linked_fallback
c_035,maya,Maya is a 21-year-old patient with emotionally unstable (borderline) personality disorder. Current medication includes sertraline 50 mg daily. Allergy history: codeine allergy. Social context: lives with family and has reduced day-to-day functioning at work or study. Clinical timeline: symptoms worsening over the past 3 months.,emotionally unstable (borderline) personality disorder | 21 | sertraline 50 mg daily | codeine allergy | lives with family | functional impairment | work or study impact | 3 months,Therapy: DBT first-line (skills group plus individual sessions) or MBT where DBT is unavailable. Medication: symptom-targeted adjuncts only; do not rely on medication as primary treatment. Risk management: maintain collaborative safety plan and weekly review of self-harm urges and triggers.,24,train
c_036,danny,Danny is a 42-year-old patient with alcohol use disorder (early recovery). Current medication includes acamprosate 666 mg three times daily. Allergy history: codeine allergy. Social context: lives with family and has reduced day-to-day functioning at work or study. Clinical timeline: symptoms worsening over the past 3 months.,alcohol use disorder (early recovery) | 42 | acamprosate 666 mg three times daily | codeine allergy | lives with family | functional impairment | work or study impact | 3 months,"Therapy: motivational interviewing and relapse prevention. Medication: Continue/monitor acamprosate 666 mg three times daily; naltrexone or acamprosate; disulfiram if appropriate. Skills: trigger identification, coping strategies, and support group attendance. Follow-up: abstinence tracking, liver function, and craving intensity. Case anchors: Problem: alcohol use disorder (early recovery). Constraints/Meds: acamprosate 666 mg three times daily; codeine allergy.",282,linked_fallback
c_037,diana,Diana is a 48-year-old patient with chronic pain with depression. Current medication includes duloxetine 60 mg daily. Allergy history: codeine allergy. Social context: lives with family and has reduced day-to-day functioning at work or study. Clinical timeline: symptoms worsening over the past 3 months.,chronic pain with depression | 48 | duloxetine 60 mg daily | codeine allergy | lives with family | functional impairment | work or study impact | 3 months,"Therapy: pain management program with CBT for chronic pain. Medication: Continue/monitor duloxetine 60 mg daily; antidepressant with pain benefits (e.g., duloxetine, amitriptyline). Skills: pacing, activity scheduling, and cognitive coping for pain. Follow-up: pain levels, functional status, and mood. Case anchors: Problem: chronic pain with depression. Constraints/Meds: duloxetine 60 mg daily; codeine allergy.",399,linked_fallback
c_038,fiona,Fiona is a 22-year-old patient with anorexia nervosa (in recovery). Current medication includes multidisciplinary nutritional rehabilitation plan. Allergy history: codeine allergy. Social context: lives with family and has reduced day-to-day functioning at work or study. Clinical timeline: symptoms worsening over the past 3 months.,anorexia nervosa (in recovery) | 22 | multidisciplinary nutritional rehabilitation plan | codeine allergy | lives with family | functional impairment | work or study impact | 3 months,"Therapy: family-based therapy (FBT) or CBT-E for eating disorders. Medication: limited role; address comorbid depression/anxiety. Skills: meal planning, body image work, and cognitive flexibility. Follow-up: weight restoration, vital signs, and electrolytes. Case anchors: Problem: anorexia nervosa (in recovery). Constraints/Meds: codeine allergy.",182,linked_fallback
c_039,jordan,"Jordan is a 28-year-old patient with depression (undiagnosed, resistant to help). Current medication includes sertraline 50 mg daily. Allergy history: codeine allergy. Social context: lives with family and has reduced day-to-day functioning at work or study. Clinical timeline: symptoms worsening over the past 3 months.","depression (undiagnosed, resistant to help) | 28 | sertraline 50 mg daily | codeine allergy | lives with family | functional impairment | work or study impact | 3 months",Therapy: CBT with behavioural activation for depression. Medication: SSRI first-line (for example sertraline) with routine side-effect monitoring. Monitoring: PHQ-9 tracking at each review and functional recovery goals. Safety: assess suicidal ideation at every contact and maintain a collaborative safety plan if risk escalates.,308,linked_fallback
c_040,marcus,Marcus is a 34-year-old patient with bipolar II disorder (depressive episode). Current medication includes sertraline 50 mg daily. Allergy history: codeine allergy. Social context: lives with family and has reduced day-to-day functioning at work or study. Clinical timeline: symptoms worsening over the past 3 months.,bipolar II disorder (depressive episode) | 34 | sertraline 50 mg daily | codeine allergy | lives with family | functional impairment | work or study impact | 3 months,"Therapy: psychoeducation and CBT-focused relapse prevention for bipolar depression. Medication: mood stabiliser first-line (lamotrigine preferred; alternatives include lithium or quetiapine). Avoid SSRI monotherapy; consider antidepressant only as adjunct with mood-stabiliser cover. Monitoring: assess mood switching, sleep pattern, and suicidality at each review.",111,linked_fallback
c_041,margaret,Margaret is a 72-year-old patient with late-life depression. Current medication includes sertraline 50 mg daily. Allergy history: codeine allergy. Social context: lives with family and has reduced day-to-day functioning at work or study. Clinical timeline: symptoms worsening over the past 3 months.,late-life depression | 72 | sertraline 50 mg daily | codeine allergy | lives with family | functional impairment | work or study impact | 3 months,"Therapy: CBT adapted for older adults; reminiscence therapy. Medication: Continue/monitor sertraline 50 mg daily; SSRI with attention to drug interactions and side effects. Skills: behavioral activation, social engagement, and meaningful activity. Follow-up: depression severity, cognitive status, and medical comorbidities. Case anchors: Problem: late-life depression. Constraints/Meds: sertraline 50 mg daily; codeine allergy.",166,linked_fallback
c_042,victor,"Victor is a 31-year-old patient with psychosis (stable, on medication). Current medication includes risperidone 2 mg nightly. Allergy history: codeine allergy. Social context: lives with family and has reduced day-to-day functioning at work or study. Clinical timeline: symptoms worsening over the past 3 months.","psychosis (stable, on medication) | 31 | risperidone 2 mg nightly | codeine allergy | lives with family | functional impairment | work or study impact | 3 months","Therapy: CBTp (CBT for psychosis) and family intervention. Medication: Continue/monitor psychosis (stable, on medication); antipsychotic medication with metabolic monitoring. Skills: reality testing, early warning sign recognition, and social skills. Follow-up: positive/negative symptoms, medication side effects. Case anchors: Problem: psychosis (stable, on medication). Constraints/Meds: risperidone 2 mg nightly; codeine allergy.",4304,linked_fallback
c_043,theo,Theo is a 53-year-old patient with caregiver burnout. Current medication includes sertraline 50 mg daily. Allergy history: codeine allergy. Social context: lives with family and has reduced day-to-day functioning at work or study. Clinical timeline: symptoms worsening over the past 3 months.,caregiver burnout | 53 | sertraline 50 mg daily | codeine allergy | lives with family | functional impairment | work or study impact | 3 months,"Therapy: stress management and supportive counseling. Medication: Continue/monitor sertraline 50 mg daily; antidepressant if depression develops. Skills: respite planning, boundary setting, and self-care scheduling. Follow-up: burnout symptoms, depression screening, and respite utilization. Case anchors: Problem: caregiver burnout. Constraints/Meds: sertraline 50 mg daily; codeine allergy.",205,linked_fallback
c_044,wei,Wei is a 50-year-old patient with somatization disorder with health anxiety. Current medication includes sertraline 100 mg daily. Allergy history: codeine allergy. Social context: lives with family and has reduced day-to-day functioning at work or study. Clinical timeline: symptoms worsening over the past 3 months.,somatization disorder with health anxiety | 50 | sertraline 100 mg daily | codeine allergy | lives with family | functional impairment | work or study impact | 3 months,"Therapy: CBT for health anxiety and somatic symptoms. Medication: Continue/monitor sertraline 100 mg daily; low-dose antidepressant for symptom management. Skills: attention shifting, activity pacing, and medical reassurance reduction. Follow-up: healthcare utilization and symptom distress. Case anchors: Problem: somatization disorder with health anxiety. Constraints/Meds: sertraline 100 mg daily; codeine allergy.",222,linked_fallback
c_045,brendan,Brendan is a 21-year-old patient with schizophrenia (prodromal phase). Current medication includes risperidone 2 mg nightly. Allergy history: codeine allergy. Social context: lives with family and has reduced day-to-day functioning at work or study. Clinical timeline: symptoms worsening over the past 3 months.,schizophrenia (prodromal phase) | 21 | risperidone 2 mg nightly | codeine allergy | lives with family | functional impairment | work or study impact | 3 months,"Therapy: CBTp and family intervention; vocational rehabilitation. Medication: Continue/monitor risperidone 2 mg nightly; antipsychotic with metabolic monitoring. Skills: early warning signs, medication adherence, and social engagement. Follow-up: symptom severity, side effects, and functional goals. Case anchors: Problem: schizophrenia (prodromal phase). Constraints/Meds: risperidone 2 mg nightly; codeine allergy.",1052,linked_fallback
c_046,fatima,Fatima is a 32-year-old patient with dissociative episodes (comorbid with PTSD). Current medication includes sertraline 100 mg daily. Allergy history: codeine allergy. Social context: lives with family and has reduced day-to-day functioning at work or study. Clinical timeline: symptoms worsening over the past 3 months.,dissociative episodes (comorbid with PTSD) | 32 | sertraline 100 mg daily | codeine allergy | lives with family | functional impairment | work or study impact | 3 months,"Therapy: phase-oriented trauma therapy with grounding focus. Medication: Continue/monitor sertraline 100 mg daily; address comorbid PTSD/depression. Skills: grounding techniques, safety signals, and containment strategies. Follow-up: dissociation frequency and trauma processing progress. Case anchors: Problem: dissociative episodes (comorbid with PTSD). Constraints/Meds: sertraline 100 mg daily; codeine allergy.",390,linked_fallback
c_047,agnes,Agnes is a 78-year-old patient with late-life anxiety with mild cognitive concerns. Current medication includes sertraline 100 mg daily. Allergy history: codeine allergy. Social context: lives with family and has reduced day-to-day functioning at work or study. Clinical timeline: symptoms worsening over the past 3 months.,late-life anxiety with mild cognitive concerns | 78 | sertraline 100 mg daily | codeine allergy | lives with family | functional impairment | work or study impact | 3 months,"Therapy: CBT adapted for older adults; relaxation training. Medication: Continue/monitor sertraline 100 mg daily; SSRI with careful titration; avoid benzodiazepines. Skills: worry management, relaxation, and cognitive restructuring. Follow-up: anxiety severity, fall risk, and cognitive function. Case anchors: Problem: late-life anxiety with mild cognitive concerns. Constraints/Meds: sertraline 100 mg daily; codeine allergy.",181,linked_fallback
c_048,mei,Mei is a 23-year-old patient with body dysmorphic disorder. Current medication includes fluoxetine 20 mg daily. Allergy history: codeine allergy. Social context: lives with family and has reduced day-to-day functioning at work or study. Clinical timeline: symptoms worsening over the past 3 months.,body dysmorphic disorder | 23 | fluoxetine 20 mg daily | codeine allergy | lives with family | functional impairment | work or study impact | 3 months,"Therapy: CBT with mirror exposure and response prevention. Medication: Continue/monitor fluoxetine 20 mg daily; SSRI at higher doses (similar to OCD). Skills: reducing checking/camouflaging, cognitive restructuring. Follow-up: BDD severity and insight level. Case anchors: Problem: body dysmorphic disorder. Constraints/Meds: fluoxetine 20 mg daily; codeine allergy.",315,linked_fallback
c_049,jaylen,Jaylen is a 33-year-old patient with burnout syndrome with depressive features. Current medication includes sertraline 50 mg daily. Allergy history: codeine allergy. Social context: lives with family and has reduced day-to-day functioning at work or study. Clinical timeline: symptoms worsening over the past 3 months.,burnout syndrome with depressive features | 33 | sertraline 50 mg daily | codeine allergy | lives with family | functional impairment | work or study impact | 3 months,"Therapy: graded exposure for avoidance triggers. Follow-up: monitor symptoms, medication effects if relevant, and review/practise homework. Case anchors: Problem: burnout syndrome with depressive features. Constraints/Meds: sertraline 50 mg daily; codeine allergy.",167,train
c_050,helen,Helen is a 30-year-old patient with perinatal depression (antenatal). Current medication includes sertraline 50 mg daily. Allergy history: codeine allergy. Social context: lives with family and has reduced day-to-day functioning at work or study. Clinical timeline: symptoms worsening over the past 3 months.,perinatal depression (antenatal) | 30 | sertraline 50 mg daily | codeine allergy | lives with family | functional impairment | work or study impact | 3 months,"Therapy: CBT or interpersonal therapy adapted for perinatal period. Medication: Continue/monitor sertraline 50 mg daily; SSRI with consideration of breastfeeding safety. Skills: infant attachment support, partner involvement, and self-care. Follow-up: mood, bonding concerns, and infant safety. Case anchors: Problem: perinatal depression (antenatal). Constraints/Meds: sertraline 50 mg daily; codeine allergy.",78,linked_fallback
c_051,aisha,Aisha is a 24-year-old patient with major depressive disorder. Current medication includes sertraline 50 mg daily. Allergy history: penicillin allergy. Social context: lives with family and has reduced day-to-day functioning at work or study. Clinical timeline: symptoms worsening over the past 3 months.,major depressive disorder | 24 | sertraline 50 mg daily | penicillin allergy | lives with family | functional impairment | work or study impact | 3 months,"Therapy: CBT-style cognitive restructuring (identify and challenge unhelpful thoughts). Therapy: graded exposure for avoidance triggers. Follow-up: monitor symptoms, medication effects if relevant, and review/practise homework. Case anchors: Problem: major depressive disorder. Constraints/Meds: sertraline 50 mg daily; penicillin allergy.",23,train
c_052,sam,Sam is a 30-year-old patient with post-traumatic stress disorder. Current medication includes sertraline 50 mg daily. Allergy history: codeine allergy. Social context: lives with family and has reduced day-to-day functioning at work or study. Clinical timeline: symptoms worsening over the past 3 months.,post-traumatic stress disorder | 30 | sertraline 50 mg daily | codeine allergy | lives with family | functional impairment | work or study impact | 3 months,"Therapy: trauma-focused CBT or EMDR. Medication: Continue/monitor sertraline 50 mg daily; SSRI (e.g., sertraline) with prazosin for nightmares if indicated. Skills: grounding techniques, safety planning, and emotion regulation. Follow-up: flashback frequency and sleep quality assessment. Case anchors: Problem: post-traumatic stress disorder. Constraints/Meds: sertraline 50 mg daily; codeine allergy.",4,linked_fallback
c_053,noor,Noor is a 32-year-old patient with complicated grief / prolonged grief. Current medication includes sertraline 50 mg daily. Allergy history: codeine allergy. Social context: lives with family and has reduced day-to-day functioning at work or study. Clinical timeline: symptoms worsening over the past 3 months.,complicated grief / prolonged grief | 32 | sertraline 50 mg daily | codeine allergy | lives with family | functional impairment | work or study impact | 3 months,"Therapy: complicated grief treatment (CGT) or grief-focused CBT. Medication: Continue/monitor sertraline 50 mg daily; antidepressant if major depressive episode co-occurs. Skills: gradual re-engagement with life, memory processing. Follow-up: prolonged grief disorder symptoms and functioning. Case anchors: Problem: complicated grief / prolonged grief. Constraints/Meds: sertraline 50 mg daily; codeine allergy.",25,linked_fallback
c_054,jamal,Jamal is a 28-year-old patient with panic disorder. Current medication includes sertraline 100 mg daily. Allergy history: codeine allergy. Social context: lives with family and has reduced day-to-day functioning at work or study. Clinical timeline: symptoms worsening over the past 3 months.,panic disorder | 28 | sertraline 100 mg daily | codeine allergy | lives with family | functional impairment | work or study impact | 3 months,"Skills: grounding/breathing to reduce acute distress. Therapy: graded exposure for avoidance triggers. Follow-up: monitor symptoms, medication effects if relevant, and review/practise homework. Case anchors: Problem: panic disorder. Constraints/Meds: sertraline 100 mg daily; codeine allergy.",39,test
c_055,kai,Kai is a 16-year-old patient with autism spectrum condition with sensory overload. Current medication includes no standing psychotropic medication. Allergy history: codeine allergy. Social context: lives with family and has reduced day-to-day functioning at work or study. Clinical timeline: symptoms worsening over the past 3 months.,autism spectrum condition with sensory overload | 16 | no standing psychotropic medication | codeine allergy | lives with family | functional impairment | work or study impact | 3 months,"Therapy: graded exposure for avoidance triggers. Follow-up: monitor symptoms, medication effects if relevant, and review/practise homework. Case anchors: Problem: autism spectrum condition with sensory overload. Constraints/Meds: codeine allergy.",53,train
c_056,priya,Priya is a 26-year-old patient with social anxiety disorder. Current medication includes sertraline 100 mg daily. Allergy history: codeine allergy. Social context: lives with family and has reduced day-to-day functioning at work or study. Clinical timeline: symptoms worsening over the past 3 months.,social anxiety disorder | 26 | sertraline 100 mg daily | codeine allergy | lives with family | functional impairment | work or study impact | 3 months,"Therapy: CBT with exposure hierarchy for social situations. Medication: Continue/monitor sertraline 100 mg daily; SSRI (e.g., sertraline) for moderate-severe anxiety. Skills: cognitive restructuring, gradual exposure, and relaxation techniques. Follow-up: avoidance behaviors and functional impairment. Case anchors: Problem: social anxiety disorder. Constraints/Meds: sertraline 100 mg daily; codeine allergy.",61,linked_fallback
c_057,tomas,Tomas is a 41-year-old patient with anger dysregulation in emotionally unstable personality structure. Current medication includes sertraline 50 mg daily. Allergy history: codeine allergy. Social context: lives with family and has reduced day-to-day functioning at work or study. Clinical timeline: symptoms worsening over the past 3 months.,anger dysregulation in emotionally unstable personality structure | 41 | sertraline 50 mg daily | codeine allergy | lives with family | functional impairment | work or study impact | 3 months,"Safety: assess risk and develop a safety plan if indicated. Therapy: CBT-style cognitive restructuring (identify and challenge unhelpful thoughts). Therapy: behavioural activation (schedule small, achievable activities). Therapy: graded exposure for avoidance triggers. Follow-up: monitor symptoms, medication effects if relevant, and review/practise homework. Case anchors: Problem: anger dysregulation in emotionally unstable personality structure. Constraints/Meds: sertraline 50 mg daily; codeine allergy.",63,train
c_058,leo,Leo is a 19-year-old patient with attention-deficit/hyperactivity disorder. Current medication includes sertraline 50 mg daily. Allergy history: codeine allergy. Social context: lives with family and has reduced day-to-day functioning at work or study. Clinical timeline: symptoms worsening over the past 3 months.,attention-deficit/hyperactivity disorder | 19 | sertraline 50 mg daily | codeine allergy | lives with family | functional impairment | work or study impact | 3 months,"Therapy: CBT for ADHD focusing on organizational skills. Medication: Continue/monitor sertraline 50 mg daily; stimulant (e.g., methylphenidate) or non-stimulant (atomoxetine). Skills: time management, task breakdown, and environmental modifications. Follow-up: symptom tracking and medication response. Case anchors: Problem: attention-deficit/hyperactivity disorder. Constraints/Meds: sertraline 50 mg daily; codeine allergy.",240,linked_fallback
c_059,eleni,Eleni is a 34-year-old patient with obsessive-compulsive disorder. Current medication includes sertraline 50 mg daily. Allergy history: penicillin allergy. Social context: lives with family and has reduced day-to-day functioning at work or study. Clinical timeline: symptoms worsening over the past 3 months.,obsessive-compulsive disorder | 34 | sertraline 50 mg daily | penicillin allergy | lives with family | functional impairment | work or study impact | 3 months,"Therapy: ERP (Exposure and Response Prevention). Medication: Continue/monitor sertraline 50 mg daily; SSRI at higher doses (e.g., fluoxetine 40-60mg). Skills: response prevention strategies and uncertainty tolerance. Follow-up: OCD severity (Y-BOCS) and ritual time. Case anchors: Problem: obsessive-compulsive disorder. Constraints/Meds: sertraline 50 mg daily; penicillin allergy.",169,linked_fallback
c_060,maya,Maya is a 21-year-old patient with emotionally unstable (borderline) personality disorder. Current medication includes sertraline 50 mg daily. Allergy history: codeine allergy. Social context: lives with family and has reduced day-to-day functioning at work or study. Clinical timeline: symptoms worsening over the past 3 months.,emotionally unstable (borderline) personality disorder | 21 | sertraline 50 mg daily | codeine allergy | lives with family | functional impairment | work or study impact | 3 months,Therapy: DBT first-line (skills group plus individual sessions) or MBT where DBT is unavailable. Medication: symptom-targeted adjuncts only; do not rely on medication as primary treatment. Risk management: maintain collaborative safety plan and weekly review of self-harm urges and triggers.,24,train
c_061,danny,Danny is a 42-year-old patient with alcohol use disorder (early recovery). Current medication includes acamprosate 666 mg three times daily. Allergy history: codeine allergy. Social context: lives with family and has reduced day-to-day functioning at work or study. Clinical timeline: symptoms worsening over the past 3 months.,alcohol use disorder (early recovery) | 42 | acamprosate 666 mg three times daily | codeine allergy | lives with family | functional impairment | work or study impact | 3 months,"Therapy: motivational interviewing and relapse prevention. Medication: Continue/monitor acamprosate 666 mg three times daily; naltrexone or acamprosate; disulfiram if appropriate. Skills: trigger identification, coping strategies, and support group attendance. Follow-up: abstinence tracking, liver function, and craving intensity. Case anchors: Problem: alcohol use disorder (early recovery). Constraints/Meds: acamprosate 666 mg three times daily; codeine allergy.",282,linked_fallback
c_062,diana,Diana is a 48-year-old patient with chronic pain with depression. Current medication includes duloxetine 60 mg daily. Allergy history: codeine allergy. Social context: lives with family and has reduced day-to-day functioning at work or study. Clinical timeline: symptoms worsening over the past 3 months.,chronic pain with depression | 48 | duloxetine 60 mg daily | codeine allergy | lives with family | functional impairment | work or study impact | 3 months,"Therapy: pain management program with CBT for chronic pain. Medication: Continue/monitor duloxetine 60 mg daily; antidepressant with pain benefits (e.g., duloxetine, amitriptyline). Skills: pacing, activity scheduling, and cognitive coping for pain. Follow-up: pain levels, functional status, and mood. Case anchors: Problem: chronic pain with depression. Constraints/Meds: duloxetine 60 mg daily; codeine allergy.",399,linked_fallback
c_063,fiona,Fiona is a 22-year-old patient with anorexia nervosa (in recovery). Current medication includes multidisciplinary nutritional rehabilitation plan. Allergy history: codeine allergy. Social context: lives with family and has reduced day-to-day functioning at work or study. Clinical timeline: symptoms worsening over the past 3 months.,anorexia nervosa (in recovery) | 22 | multidisciplinary nutritional rehabilitation plan | codeine allergy | lives with family | functional impairment | work or study impact | 3 months,"Therapy: family-based therapy (FBT) or CBT-E for eating disorders. Medication: limited role; address comorbid depression/anxiety. Skills: meal planning, body image work, and cognitive flexibility. Follow-up: weight restoration, vital signs, and electrolytes. Case anchors: Problem: anorexia nervosa (in recovery). Constraints/Meds: codeine allergy.",182,linked_fallback
c_064,jordan,"Jordan is a 28-year-old patient with depression (undiagnosed, resistant to help). Current medication includes sertraline 50 mg daily. Allergy history: codeine allergy. Social context: lives with family and has reduced day-to-day functioning at work or study. Clinical timeline: symptoms worsening over the past 3 months.","depression (undiagnosed, resistant to help) | 28 | sertraline 50 mg daily | codeine allergy | lives with family | functional impairment | work or study impact | 3 months",Therapy: CBT with behavioural activation for depression. Medication: SSRI first-line (for example sertraline) with routine side-effect monitoring. Monitoring: PHQ-9 tracking at each review and functional recovery goals. Safety: assess suicidal ideation at every contact and maintain a collaborative safety plan if risk escalates.,308,linked_fallback
c_065,marcus,Marcus is a 34-year-old patient with bipolar II disorder (depressive episode). Current medication includes sertraline 50 mg daily. Allergy history: codeine allergy. Social context: lives with family and has reduced day-to-day functioning at work or study. Clinical timeline: symptoms worsening over the past 3 months.,bipolar II disorder (depressive episode) | 34 | sertraline 50 mg daily | codeine allergy | lives with family | functional impairment | work or study impact | 3 months,"Therapy: psychoeducation and CBT-focused relapse prevention for bipolar depression. Medication: mood stabiliser first-line (lamotrigine preferred; alternatives include lithium or quetiapine). Avoid SSRI monotherapy; consider antidepressant only as adjunct with mood-stabiliser cover. Monitoring: assess mood switching, sleep pattern, and suicidality at each review.",111,linked_fallback
c_066,margaret,Margaret is a 72-year-old patient with late-life depression. Current medication includes sertraline 50 mg daily. Allergy history: codeine allergy. Social context: lives with family and has reduced day-to-day functioning at work or study. Clinical timeline: symptoms worsening over the past 3 months.,late-life depression | 72 | sertraline 50 mg daily | codeine allergy | lives with family | functional impairment | work or study impact | 3 months,"Therapy: CBT adapted for older adults; reminiscence therapy. Medication: Continue/monitor sertraline 50 mg daily; SSRI with attention to drug interactions and side effects. Skills: behavioral activation, social engagement, and meaningful activity. Follow-up: depression severity, cognitive status, and medical comorbidities. Case anchors: Problem: late-life depression. Constraints/Meds: sertraline 50 mg daily; codeine allergy.",166,linked_fallback
c_067,victor,"Victor is a 31-year-old patient with psychosis (stable, on medication). Current medication includes risperidone 2 mg nightly. Allergy history: codeine allergy. Social context: lives with family and has reduced day-to-day functioning at work or study. Clinical timeline: symptoms worsening over the past 3 months.","psychosis (stable, on medication) | 31 | risperidone 2 mg nightly | codeine allergy | lives with family | functional impairment | work or study impact | 3 months","Therapy: CBTp (CBT for psychosis) and family intervention. Medication: Continue/monitor psychosis (stable, on medication); antipsychotic medication with metabolic monitoring. Skills: reality testing, early warning sign recognition, and social skills. Follow-up: positive/negative symptoms, medication side effects. Case anchors: Problem: psychosis (stable, on medication). Constraints/Meds: risperidone 2 mg nightly; codeine allergy.",4304,linked_fallback
c_068,theo,Theo is a 53-year-old patient with caregiver burnout. Current medication includes sertraline 50 mg daily. Allergy history: codeine allergy. Social context: lives with family and has reduced day-to-day functioning at work or study. Clinical timeline: symptoms worsening over the past 3 months.,caregiver burnout | 53 | sertraline 50 mg daily | codeine allergy | lives with family | functional impairment | work or study impact | 3 months,"Therapy: stress management and supportive counseling. Medication: Continue/monitor sertraline 50 mg daily; antidepressant if depression develops. Skills: respite planning, boundary setting, and self-care scheduling. Follow-up: burnout symptoms, depression screening, and respite utilization. Case anchors: Problem: caregiver burnout. Constraints/Meds: sertraline 50 mg daily; codeine allergy.",205,linked_fallback
c_069,wei,Wei is a 50-year-old patient with somatization disorder with health anxiety. Current medication includes sertraline 100 mg daily. Allergy history: codeine allergy. Social context: lives with family and has reduced day-to-day functioning at work or study. Clinical timeline: symptoms worsening over the past 3 months.,somatization disorder with health anxiety | 50 | sertraline 100 mg daily | codeine allergy | lives with family | functional impairment | work or study impact | 3 months,"Therapy: CBT for health anxiety and somatic symptoms. Medication: Continue/monitor sertraline 100 mg daily; low-dose antidepressant for symptom management. Skills: attention shifting, activity pacing, and medical reassurance reduction. Follow-up: healthcare utilization and symptom distress. Case anchors: Problem: somatization disorder with health anxiety. Constraints/Meds: sertraline 100 mg daily; codeine allergy.",222,linked_fallback
c_070,brendan,Brendan is a 21-year-old patient with schizophrenia (prodromal phase). Current medication includes risperidone 2 mg nightly. Allergy history: codeine allergy. Social context: lives with family and has reduced day-to-day functioning at work or study. Clinical timeline: symptoms worsening over the past 3 months.,schizophrenia (prodromal phase) | 21 | risperidone 2 mg nightly | codeine allergy | lives with family | functional impairment | work or study impact | 3 months,"Therapy: CBTp and family intervention; vocational rehabilitation. Medication: Continue/monitor risperidone 2 mg nightly; antipsychotic with metabolic monitoring. Skills: early warning signs, medication adherence, and social engagement. Follow-up: symptom severity, side effects, and functional goals. Case anchors: Problem: schizophrenia (prodromal phase). Constraints/Meds: risperidone 2 mg nightly; codeine allergy.",1052,linked_fallback
c_071,fatima,Fatima is a 32-year-old patient with dissociative episodes (comorbid with PTSD). Current medication includes sertraline 100 mg daily. Allergy history: codeine allergy. Social context: lives with family and has reduced day-to-day functioning at work or study. Clinical timeline: symptoms worsening over the past 3 months.,dissociative episodes (comorbid with PTSD) | 32 | sertraline 100 mg daily | codeine allergy | lives with family | functional impairment | work or study impact | 3 months,"Therapy: phase-oriented trauma therapy with grounding focus. Medication: Continue/monitor sertraline 100 mg daily; address comorbid PTSD/depression. Skills: grounding techniques, safety signals, and containment strategies. Follow-up: dissociation frequency and trauma processing progress. Case anchors: Problem: dissociative episodes (comorbid with PTSD). Constraints/Meds: sertraline 100 mg daily; codeine allergy.",390,linked_fallback
c_072,agnes,Agnes is a 78-year-old patient with late-life anxiety with mild cognitive concerns. Current medication includes sertraline 100 mg daily. Allergy history: codeine allergy. Social context: lives with family and has reduced day-to-day functioning at work or study. Clinical timeline: symptoms worsening over the past 3 months.,late-life anxiety with mild cognitive concerns | 78 | sertraline 100 mg daily | codeine allergy | lives with family | functional impairment | work or study impact | 3 months,"Therapy: CBT adapted for older adults; relaxation training. Medication: Continue/monitor sertraline 100 mg daily; SSRI with careful titration; avoid benzodiazepines. Skills: worry management, relaxation, and cognitive restructuring. Follow-up: anxiety severity, fall risk, and cognitive function. Case anchors: Problem: late-life anxiety with mild cognitive concerns. Constraints/Meds: sertraline 100 mg daily; codeine allergy.",181,linked_fallback
c_073,mei,Mei is a 23-year-old patient with body dysmorphic disorder. Current medication includes fluoxetine 20 mg daily. Allergy history: codeine allergy. Social context: lives with family and has reduced day-to-day functioning at work or study. Clinical timeline: symptoms worsening over the past 3 months.,body dysmorphic disorder | 23 | fluoxetine 20 mg daily | codeine allergy | lives with family | functional impairment | work or study impact | 3 months,"Therapy: CBT with mirror exposure and response prevention. Medication: Continue/monitor fluoxetine 20 mg daily; SSRI at higher doses (similar to OCD). Skills: reducing checking/camouflaging, cognitive restructuring. Follow-up: BDD severity and insight level. Case anchors: Problem: body dysmorphic disorder. Constraints/Meds: fluoxetine 20 mg daily; codeine allergy.",315,linked_fallback
c_074,jaylen,Jaylen is a 33-year-old patient with burnout syndrome with depressive features. Current medication includes sertraline 50 mg daily. Allergy history: codeine allergy. Social context: lives with family and has reduced day-to-day functioning at work or study. Clinical timeline: symptoms worsening over the past 3 months.,burnout syndrome with depressive features | 33 | sertraline 50 mg daily | codeine allergy | lives with family | functional impairment | work or study impact | 3 months,"Therapy: graded exposure for avoidance triggers. Follow-up: monitor symptoms, medication effects if relevant, and review/practise homework. Case anchors: Problem: burnout syndrome with depressive features. Constraints/Meds: sertraline 50 mg daily; codeine allergy.",167,train
c_075,helen,Helen is a 30-year-old patient with perinatal depression (antenatal). Current medication includes sertraline 50 mg daily. Allergy history: codeine allergy. Social context: lives with family and has reduced day-to-day functioning at work or study. Clinical timeline: symptoms worsening over the past 3 months.,perinatal depression (antenatal) | 30 | sertraline 50 mg daily | codeine allergy | lives with family | functional impairment | work or study impact | 3 months,"Therapy: CBT or interpersonal therapy adapted for perinatal period. Medication: Continue/monitor sertraline 50 mg daily; SSRI with consideration of breastfeeding safety. Skills: infant attachment support, partner involvement, and self-care. Follow-up: mood, bonding concerns, and infant safety. Case anchors: Problem: perinatal depression (antenatal). Constraints/Meds: sertraline 50 mg daily; codeine allergy.",78,linked_fallback
c_076,aisha,Aisha is a 24-year-old patient with major depressive disorder. Current medication includes sertraline 50 mg daily. Allergy history: penicillin allergy. Social context: lives with family and has reduced day-to-day functioning at work or study. Clinical timeline: symptoms worsening over the past 3 months.,major depressive disorder | 24 | sertraline 50 mg daily | penicillin allergy | lives with family | functional impairment | work or study impact | 3 months,"Therapy: CBT-style cognitive restructuring (identify and challenge unhelpful thoughts). Therapy: graded exposure for avoidance triggers. Follow-up: monitor symptoms, medication effects if relevant, and review/practise homework. Case anchors: Problem: major depressive disorder. Constraints/Meds: sertraline 50 mg daily; penicillin allergy.",23,train
c_077,sam,Sam is a 30-year-old patient with post-traumatic stress disorder. Current medication includes sertraline 50 mg daily. Allergy history: codeine allergy. Social context: lives with family and has reduced day-to-day functioning at work or study. Clinical timeline: symptoms worsening over the past 3 months.,post-traumatic stress disorder | 30 | sertraline 50 mg daily | codeine allergy | lives with family | functional impairment | work or study impact | 3 months,"Therapy: trauma-focused CBT or EMDR. Medication: Continue/monitor sertraline 50 mg daily; SSRI (e.g., sertraline) with prazosin for nightmares if indicated. Skills: grounding techniques, safety planning, and emotion regulation. Follow-up: flashback frequency and sleep quality assessment. Case anchors: Problem: post-traumatic stress disorder. Constraints/Meds: sertraline 50 mg daily; codeine allergy.",4,linked_fallback
c_078,noor,Noor is a 32-year-old patient with complicated grief / prolonged grief. Current medication includes sertraline 50 mg daily. Allergy history: codeine allergy. Social context: lives with family and has reduced day-to-day functioning at work or study. Clinical timeline: symptoms worsening over the past 3 months.,complicated grief / prolonged grief | 32 | sertraline 50 mg daily | codeine allergy | lives with family | functional impairment | work or study impact | 3 months,"Therapy: complicated grief treatment (CGT) or grief-focused CBT. Medication: Continue/monitor sertraline 50 mg daily; antidepressant if major depressive episode co-occurs. Skills: gradual re-engagement with life, memory processing. Follow-up: prolonged grief disorder symptoms and functioning. Case anchors: Problem: complicated grief / prolonged grief. Constraints/Meds: sertraline 50 mg daily; codeine allergy.",25,linked_fallback
c_079,jamal,Jamal is a 28-year-old patient with panic disorder. Current medication includes sertraline 100 mg daily. Allergy history: codeine allergy. Social context: lives with family and has reduced day-to-day functioning at work or study. Clinical timeline: symptoms worsening over the past 3 months.,panic disorder | 28 | sertraline 100 mg daily | codeine allergy | lives with family | functional impairment | work or study impact | 3 months,"Skills: grounding/breathing to reduce acute distress. Therapy: graded exposure for avoidance triggers. Follow-up: monitor symptoms, medication effects if relevant, and review/practise homework. Case anchors: Problem: panic disorder. Constraints/Meds: sertraline 100 mg daily; codeine allergy.",39,test
c_080,kai,Kai is a 16-year-old patient with autism spectrum condition with sensory overload. Current medication includes no standing psychotropic medication. Allergy history: codeine allergy. Social context: lives with family and has reduced day-to-day functioning at work or study. Clinical timeline: symptoms worsening over the past 3 months.,autism spectrum condition with sensory overload | 16 | no standing psychotropic medication | codeine allergy | lives with family | functional impairment | work or study impact | 3 months,"Therapy: graded exposure for avoidance triggers. Follow-up: monitor symptoms, medication effects if relevant, and review/practise homework. Case anchors: Problem: autism spectrum condition with sensory overload. Constraints/Meds: codeine allergy.",53,train
c_081,priya,Priya is a 26-year-old patient with social anxiety disorder. Current medication includes sertraline 100 mg daily. Allergy history: codeine allergy. Social context: lives with family and has reduced day-to-day functioning at work or study. Clinical timeline: symptoms worsening over the past 3 months.,social anxiety disorder | 26 | sertraline 100 mg daily | codeine allergy | lives with family | functional impairment | work or study impact | 3 months,"Therapy: CBT with exposure hierarchy for social situations. Medication: Continue/monitor sertraline 100 mg daily; SSRI (e.g., sertraline) for moderate-severe anxiety. Skills: cognitive restructuring, gradual exposure, and relaxation techniques. Follow-up: avoidance behaviors and functional impairment. Case anchors: Problem: social anxiety disorder. Constraints/Meds: sertraline 100 mg daily; codeine allergy.",61,linked_fallback
c_082,tomas,Tomas is a 41-year-old patient with anger dysregulation in emotionally unstable personality structure. Current medication includes sertraline 50 mg daily. Allergy history: codeine allergy. Social context: lives with family and has reduced day-to-day functioning at work or study. Clinical timeline: symptoms worsening over the past 3 months.,anger dysregulation in emotionally unstable personality structure | 41 | sertraline 50 mg daily | codeine allergy | lives with family | functional impairment | work or study impact | 3 months,"Safety: assess risk and develop a safety plan if indicated. Therapy: CBT-style cognitive restructuring (identify and challenge unhelpful thoughts). Therapy: behavioural activation (schedule small, achievable activities). Therapy: graded exposure for avoidance triggers. Follow-up: monitor symptoms, medication effects if relevant, and review/practise homework. Case anchors: Problem: anger dysregulation in emotionally unstable personality structure. Constraints/Meds: sertraline 50 mg daily; codeine allergy.",63,train
c_083,leo,Leo is a 19-year-old patient with attention-deficit/hyperactivity disorder. Current medication includes sertraline 50 mg daily. Allergy history: codeine allergy. Social context: lives with family and has reduced day-to-day functioning at work or study. Clinical timeline: symptoms worsening over the past 3 months.,attention-deficit/hyperactivity disorder | 19 | sertraline 50 mg daily | codeine allergy | lives with family | functional impairment | work or study impact | 3 months,"Therapy: CBT for ADHD focusing on organizational skills. Medication: Continue/monitor sertraline 50 mg daily; stimulant (e.g., methylphenidate) or non-stimulant (atomoxetine). Skills: time management, task breakdown, and environmental modifications. Follow-up: symptom tracking and medication response. Case anchors: Problem: attention-deficit/hyperactivity disorder. Constraints/Meds: sertraline 50 mg daily; codeine allergy.",240,linked_fallback
c_084,eleni,Eleni is a 34-year-old patient with obsessive-compulsive disorder. Current medication includes sertraline 50 mg daily. Allergy history: penicillin allergy. Social context: lives with family and has reduced day-to-day functioning at work or study. Clinical timeline: symptoms worsening over the past 3 months.,obsessive-compulsive disorder | 34 | sertraline 50 mg daily | penicillin allergy | lives with family | functional impairment | work or study impact | 3 months,"Therapy: ERP (Exposure and Response Prevention). Medication: Continue/monitor sertraline 50 mg daily; SSRI at higher doses (e.g., fluoxetine 40-60mg). Skills: response prevention strategies and uncertainty tolerance. Follow-up: OCD severity (Y-BOCS) and ritual time. Case anchors: Problem: obsessive-compulsive disorder. Constraints/Meds: sertraline 50 mg daily; penicillin allergy.",169,linked_fallback
c_085,maya,Maya is a 21-year-old patient with emotionally unstable (borderline) personality disorder. Current medication includes sertraline 50 mg daily. Allergy history: codeine allergy. Social context: lives with family and has reduced day-to-day functioning at work or study. Clinical timeline: symptoms worsening over the past 3 months.,emotionally unstable (borderline) personality disorder | 21 | sertraline 50 mg daily | codeine allergy | lives with family | functional impairment | work or study impact | 3 months,Therapy: DBT first-line (skills group plus individual sessions) or MBT where DBT is unavailable. Medication: symptom-targeted adjuncts only; do not rely on medication as primary treatment. Risk management: maintain collaborative safety plan and weekly review of self-harm urges and triggers.,24,train
c_086,danny,Danny is a 42-year-old patient with alcohol use disorder (early recovery). Current medication includes acamprosate 666 mg three times daily. Allergy history: codeine allergy. Social context: lives with family and has reduced day-to-day functioning at work or study. Clinical timeline: symptoms worsening over the past 3 months.,alcohol use disorder (early recovery) | 42 | acamprosate 666 mg three times daily | codeine allergy | lives with family | functional impairment | work or study impact | 3 months,"Therapy: motivational interviewing and relapse prevention. Medication: Continue/monitor acamprosate 666 mg three times daily; naltrexone or acamprosate; disulfiram if appropriate. Skills: trigger identification, coping strategies, and support group attendance. Follow-up: abstinence tracking, liver function, and craving intensity. Case anchors: Problem: alcohol use disorder (early recovery). Constraints/Meds: acamprosate 666 mg three times daily; codeine allergy.",282,linked_fallback
c_087,diana,Diana is a 48-year-old patient with chronic pain with depression. Current medication includes duloxetine 60 mg daily. Allergy history: codeine allergy. Social context: lives with family and has reduced day-to-day functioning at work or study. Clinical timeline: symptoms worsening over the past 3 months.,chronic pain with depression | 48 | duloxetine 60 mg daily | codeine allergy | lives with family | functional impairment | work or study impact | 3 months,"Therapy: pain management program with CBT for chronic pain. Medication: Continue/monitor duloxetine 60 mg daily; antidepressant with pain benefits (e.g., duloxetine, amitriptyline). Skills: pacing, activity scheduling, and cognitive coping for pain. Follow-up: pain levels, functional status, and mood. Case anchors: Problem: chronic pain with depression. Constraints/Meds: duloxetine 60 mg daily; codeine allergy.",399,linked_fallback
c_088,fiona,Fiona is a 22-year-old patient with anorexia nervosa (in recovery). Current medication includes multidisciplinary nutritional rehabilitation plan. Allergy history: codeine allergy. Social context: lives with family and has reduced day-to-day functioning at work or study. Clinical timeline: symptoms worsening over the past 3 months.,anorexia nervosa (in recovery) | 22 | multidisciplinary nutritional rehabilitation plan | codeine allergy | lives with family | functional impairment | work or study impact | 3 months,"Therapy: family-based therapy (FBT) or CBT-E for eating disorders. Medication: limited role; address comorbid depression/anxiety. Skills: meal planning, body image work, and cognitive flexibility. Follow-up: weight restoration, vital signs, and electrolytes. Case anchors: Problem: anorexia nervosa (in recovery). Constraints/Meds: codeine allergy.",182,linked_fallback
c_089,jordan,"Jordan is a 28-year-old patient with depression (undiagnosed, resistant to help). Current medication includes sertraline 50 mg daily. Allergy history: codeine allergy. Social context: lives with family and has reduced day-to-day functioning at work or study. Clinical timeline: symptoms worsening over the past 3 months.","depression (undiagnosed, resistant to help) | 28 | sertraline 50 mg daily | codeine allergy | lives with family | functional impairment | work or study impact | 3 months",Therapy: CBT with behavioural activation for depression. Medication: SSRI first-line (for example sertraline) with routine side-effect monitoring. Monitoring: PHQ-9 tracking at each review and functional recovery goals. Safety: assess suicidal ideation at every contact and maintain a collaborative safety plan if risk escalates.,308,linked_fallback
c_090,marcus,Marcus is a 34-year-old patient with bipolar II disorder (depressive episode). Current medication includes sertraline 50 mg daily. Allergy history: codeine allergy. Social context: lives with family and has reduced day-to-day functioning at work or study. Clinical timeline: symptoms worsening over the past 3 months.,bipolar II disorder (depressive episode) | 34 | sertraline 50 mg daily | codeine allergy | lives with family | functional impairment | work or study impact | 3 months,"Therapy: psychoeducation and CBT-focused relapse prevention for bipolar depression. Medication: mood stabiliser first-line (lamotrigine preferred; alternatives include lithium or quetiapine). Avoid SSRI monotherapy; consider antidepressant only as adjunct with mood-stabiliser cover. Monitoring: assess mood switching, sleep pattern, and suicidality at each review.",111,linked_fallback
c_091,margaret,Margaret is a 72-year-old patient with late-life depression. Current medication includes sertraline 50 mg daily. Allergy history: codeine allergy. Social context: lives with family and has reduced day-to-day functioning at work or study. Clinical timeline: symptoms worsening over the past 3 months.,late-life depression | 72 | sertraline 50 mg daily | codeine allergy | lives with family | functional impairment | work or study impact | 3 months,"Therapy: CBT adapted for older adults; reminiscence therapy. Medication: Continue/monitor sertraline 50 mg daily; SSRI with attention to drug interactions and side effects. Skills: behavioral activation, social engagement, and meaningful activity. Follow-up: depression severity, cognitive status, and medical comorbidities. Case anchors: Problem: late-life depression. Constraints/Meds: sertraline 50 mg daily; codeine allergy.",166,linked_fallback
c_092,victor,"Victor is a 31-year-old patient with psychosis (stable, on medication). Current medication includes risperidone 2 mg nightly. Allergy history: codeine allergy. Social context: lives with family and has reduced day-to-day functioning at work or study. Clinical timeline: symptoms worsening over the past 3 months.","psychosis (stable, on medication) | 31 | risperidone 2 mg nightly | codeine allergy | lives with family | functional impairment | work or study impact | 3 months","Therapy: CBTp (CBT for psychosis) and family intervention. Medication: Continue/monitor psychosis (stable, on medication); antipsychotic medication with metabolic monitoring. Skills: reality testing, early warning sign recognition, and social skills. Follow-up: positive/negative symptoms, medication side effects. Case anchors: Problem: psychosis (stable, on medication). Constraints/Meds: risperidone 2 mg nightly; codeine allergy.",4304,linked_fallback
c_093,theo,Theo is a 53-year-old patient with caregiver burnout. Current medication includes sertraline 50 mg daily. Allergy history: codeine allergy. Social context: lives with family and has reduced day-to-day functioning at work or study. Clinical timeline: symptoms worsening over the past 3 months.,caregiver burnout | 53 | sertraline 50 mg daily | codeine allergy | lives with family | functional impairment | work or study impact | 3 months,"Therapy: stress management and supportive counseling. Medication: Continue/monitor sertraline 50 mg daily; antidepressant if depression develops. Skills: respite planning, boundary setting, and self-care scheduling. Follow-up: burnout symptoms, depression screening, and respite utilization. Case anchors: Problem: caregiver burnout. Constraints/Meds: sertraline 50 mg daily; codeine allergy.",205,linked_fallback
c_094,wei,Wei is a 50-year-old patient with somatization disorder with health anxiety. Current medication includes sertraline 100 mg daily. Allergy history: codeine allergy. Social context: lives with family and has reduced day-to-day functioning at work or study. Clinical timeline: symptoms worsening over the past 3 months.,somatization disorder with health anxiety | 50 | sertraline 100 mg daily | codeine allergy | lives with family | functional impairment | work or study impact | 3 months,"Therapy: CBT for health anxiety and somatic symptoms. Medication: Continue/monitor sertraline 100 mg daily; low-dose antidepressant for symptom management. Skills: attention shifting, activity pacing, and medical reassurance reduction. Follow-up: healthcare utilization and symptom distress. Case anchors: Problem: somatization disorder with health anxiety. Constraints/Meds: sertraline 100 mg daily; codeine allergy.",222,linked_fallback
c_095,brendan,Brendan is a 21-year-old patient with schizophrenia (prodromal phase). Current medication includes risperidone 2 mg nightly. Allergy history: codeine allergy. Social context: lives with family and has reduced day-to-day functioning at work or study. Clinical timeline: symptoms worsening over the past 3 months.,schizophrenia (prodromal phase) | 21 | risperidone 2 mg nightly | codeine allergy | lives with family | functional impairment | work or study impact | 3 months,"Therapy: CBTp and family intervention; vocational rehabilitation. Medication: Continue/monitor risperidone 2 mg nightly; antipsychotic with metabolic monitoring. Skills: early warning signs, medication adherence, and social engagement. Follow-up: symptom severity, side effects, and functional goals. Case anchors: Problem: schizophrenia (prodromal phase). Constraints/Meds: risperidone 2 mg nightly; codeine allergy.",1052,linked_fallback
c_096,fatima,Fatima is a 32-year-old patient with dissociative episodes (comorbid with PTSD). Current medication includes sertraline 100 mg daily. Allergy history: codeine allergy. Social context: lives with family and has reduced day-to-day functioning at work or study. Clinical timeline: symptoms worsening over the past 3 months.,dissociative episodes (comorbid with PTSD) | 32 | sertraline 100 mg daily | codeine allergy | lives with family | functional impairment | work or study impact | 3 months,"Therapy: phase-oriented trauma therapy with grounding focus. Medication: Continue/monitor sertraline 100 mg daily; address comorbid PTSD/depression. Skills: grounding techniques, safety signals, and containment strategies. Follow-up: dissociation frequency and trauma processing progress. Case anchors: Problem: dissociative episodes (comorbid with PTSD). Constraints/Meds: sertraline 100 mg daily; codeine allergy.",390,linked_fallback
c_097,agnes,Agnes is a 78-year-old patient with late-life anxiety with mild cognitive concerns. Current medication includes sertraline 100 mg daily. Allergy history: codeine allergy. Social context: lives with family and has reduced day-to-day functioning at work or study. Clinical timeline: symptoms worsening over the past 3 months.,late-life anxiety with mild cognitive concerns | 78 | sertraline 100 mg daily | codeine allergy | lives with family | functional impairment | work or study impact | 3 months,"Therapy: CBT adapted for older adults; relaxation training. Medication: Continue/monitor sertraline 100 mg daily; SSRI with careful titration; avoid benzodiazepines. Skills: worry management, relaxation, and cognitive restructuring. Follow-up: anxiety severity, fall risk, and cognitive function. Case anchors: Problem: late-life anxiety with mild cognitive concerns. Constraints/Meds: sertraline 100 mg daily; codeine allergy.",181,linked_fallback
c_098,mei,Mei is a 23-year-old patient with body dysmorphic disorder. Current medication includes fluoxetine 20 mg daily. Allergy history: codeine allergy. Social context: lives with family and has reduced day-to-day functioning at work or study. Clinical timeline: symptoms worsening over the past 3 months.,body dysmorphic disorder | 23 | fluoxetine 20 mg daily | codeine allergy | lives with family | functional impairment | work or study impact | 3 months,"Therapy: CBT with mirror exposure and response prevention. Medication: Continue/monitor fluoxetine 20 mg daily; SSRI at higher doses (similar to OCD). Skills: reducing checking/camouflaging, cognitive restructuring. Follow-up: BDD severity and insight level. Case anchors: Problem: body dysmorphic disorder. Constraints/Meds: fluoxetine 20 mg daily; codeine allergy.",315,linked_fallback
c_099,jaylen,Jaylen is a 33-year-old patient with burnout syndrome with depressive features. Current medication includes sertraline 50 mg daily. Allergy history: codeine allergy. Social context: lives with family and has reduced day-to-day functioning at work or study. Clinical timeline: symptoms worsening over the past 3 months.,burnout syndrome with depressive features | 33 | sertraline 50 mg daily | codeine allergy | lives with family | functional impairment | work or study impact | 3 months,"Therapy: graded exposure for avoidance triggers. Follow-up: monitor symptoms, medication effects if relevant, and review/practise homework. Case anchors: Problem: burnout syndrome with depressive features. Constraints/Meds: sertraline 50 mg daily; codeine allergy.",167,train
c_100,helen,Helen is a 30-year-old patient with perinatal depression (antenatal). Current medication includes sertraline 50 mg daily. Allergy history: codeine allergy. Social context: lives with family and has reduced day-to-day functioning at work or study. Clinical timeline: symptoms worsening over the past 3 months.,perinatal depression (antenatal) | 30 | sertraline 50 mg daily | codeine allergy | lives with family | functional impairment | work or study impact | 3 months,"Therapy: CBT or interpersonal therapy adapted for perinatal period. Medication: Continue/monitor sertraline 50 mg daily; SSRI with consideration of breastfeeding safety. Skills: infant attachment support, partner involvement, and self-care. Follow-up: mood, bonding concerns, and infant safety. Case anchors: Problem: perinatal depression (antenatal). Constraints/Meds: sertraline 50 mg daily; codeine allergy.",78,linked_fallback
