id,signature_sha256,duplicate_of
b_mt_0001,286909a54648121341c3d1159127cba69e97a54d50ff2926d1e05381d96bc7b0,
b_mt_0002,a9bf1e2181ed86e77f3da5c1b4eee41f061794b6c974e3edb6df3e36c11b8ae3,
b_mt_0003,71f30022704563e2eef6f5ce3fc1e9d5d11450a86174b58c4d91870e8ce8c5db,
b_mt_0004,67d12eefaccf2cd3822a529d573d35d55797cc4ac86ecb12e4473c6513a32c2d,
b_mt_0005,720473c64fe69402dbbec1a09c061ab3988c17a130333bf85b61b7ae1a786c97,
b_mt_0006,c358db25b12106639af77e36a8ae1d1f1711ede4e9c407008ea82bacef548449,
b_mt_0007,139b279f894760930ddb2217f1ff9730ec1abef40fc20e8205370cf7f316c661,
b_mt_0008,3e3fd3db425f0576bb63a7c57d61d8dbe480ade348d9de03f9b20ff07a4fd670,
b_mt_0009,72ae8f10bfc14a346ed07803c85adbc9f6ccd451372c8dc9fd84a741731ee309,
b_mt_0010,33b173e29dbaeb2aa0521de0d16429f619e38170e17e93b63d22a73e2e628a71,
b_mt_0011,ad4d05e5a7ad2eb5922a2dfa7d6aa499d39f0364e042ffa365e9b25e5664943b,
b_mt_0012,626cbe64dcf22ae6b362e3f2915656a6ccaa206ce458dc4ff496b1d827ad1a9a,
b_mt_0013,d07a9de633c18bd5dbaf35eefba99bdd2ed764c5f3055de1150b023811a955ed,
b_mt_0014,ecbf4165528b5284d8aaa5b394613d96107b70a7071a79a739ee5be613659233,
b_mt_0015,55c605254ea60ac7a96a6d1ac8fc7424a2d841ee724de76bd2d6216aabbdf8a3,
b_mt_0016,9e3133c55a96e1290020e4ac82d059e8b4c7264878c060ac9449fd704d358930,
b_mt_0017,2b7900e5ae27bc8f10152cf0c938f179ceeab9fc4d7b00d767539d991bcfd21b,
b_mt_0018,a219b32406c3887c174a0478d7e08a218bbc764d4670ad75a030a2a330010f49,
b_mt_0019,13ac88916b3d1cc836eb20f67109ab359dfa532f296284eb2386f95dd631f2eb,
b_mt_0020,22c9f48f43f4f3bae81d393e724606018e19ca4f0688d57d38475eb043a45faa,
b_mt_0021,8f4f9a60a2daa08363c39785c47e2ab3e972e54915d8085ac8abd03fac7bae2b,
b_mt_0022,7f8bc6fdc6714f8e8519f8b5eee81f899262899908b6595d57d71de0a6965cfd,
b_mt_0023,9a3424fef3ef6a4ca318a7641501103dfb3b681a058fd3770dd0a7a6d23cdd88,
b_mt_0024,dd65c972ff01289289627ada13fdc48367c9543d1c2416cc1dee64828372dd6d,
b_mt_0025,2b7a592b388b737e7e27d89248b3169355371629786817bcb813acb33e2f46d8,
b_mt_0026,1891dafd1f73e5a64afce12dcfd24e2c54cacbf0b7e8cec729bc21c2d3f68f7e,
b_mt_0027,27d0777f62ea29b600995f7503c3de7dd734cc91d433a12e3685ff0fe7e33f68,
b_mt_0028,085a0f67aeacbf0dabfac594fd5a93cca4c6be8178f35ecfb0f7619f6708accb,
b_mt_0029,e78c5607d8a3a16c23b1f6c16cd5e5977e943eab81923554237ebf89cf558f95,
b_mt_0030,6ecc06c7b02f05d1d2d97d1fc888885cec6df12dcb8b8d6405b5807410740437,
b_mt_0031,e9f3721fe8dce598832e9b69aa0f5128f1f1873dcafce8d61d76427d0a1c7cda,
b_mt_0032,237a38019e214ce88d9280181130917f1e6e25ff714425b94fc3ab42f81bc4b3,
b_mt_0033,e4170383ef0b64ce5089277204800443bf4f69a6ecf376cf8861e5499d37227f,
b_mt_0034,2a4edcc3efb10a7d1432059948ca99ed3a9455e81368ef0de4d491f8bda20a8e,
b_mt_0035,0482eeef79b06f9c0a1d73d6458cac8dc6770f206ff320ea09c48f5f58c56c2a,
b_mt_0036,c5f7b1edc9371b734ac67d1dc649911c37eee20abd5891551f22f5a369d0a107,
b_mt_0037,a0c1d39a6b884dc3848cb7e33dca8cb67c890934ba107121150543084181561f,
b_mt_0038,76c92007c5a4c925d4461e26ac5bc26f53bed2e5561c7394f2c00c7ef107a9a8,
b_mt_0039,b28b98068350f0d51b00b31d349d9c65b640283824280826fa55e3659b9634f2,
b_mt_0040,e50546408571f2260a4464c28fbbf8fd31cccd8b9652bbb743b94a9a8c66542e,
b_mt_0041,8c53e2993d4e221b87bed549b009d781b79586661c7fc59a931a2b1824bb3007,
b_mt_0042,522e3660c0daf23d51b7bd64c47a8bb4d337f9737503b2b0297c002eedd72002,
b_mt_0043,76e958936fd974fbace79cbca763066f3c19c5701debf1e5cee3c6039955f835,
b_mt_0044,a93231d1fb6d238e4f1bdec04d432dcb6714f9d4a16b2448b7414e1de452a477,
b_mt_0045,ef34c3637b37c9f82f518e4a96204dd30ecb8602a97dccdfa238b72ef5d9c18e,
b_mt_0046,e3622f3587fe656ee07c3e4d01c815637daa89292d0f9507777720f7051d5d1f,
b_mt_0047,e1f0701f124b66454668372a9bf3ad13e42a28b5d4f290c22b3df0db14e3e8a1,
b_mt_0048,6a7cf138b8916aaedb11c22c1bc2ad68f5c323556422a8fb02ac7486f9dc2e47,
b_mt_0049,3bf1214813176ad2eddf6eb420f85cb2c27bf349ec070334b1b9200fbd83f849,
b_mt_0050,312c52d634dc2602791068afaf52a07787638c51070323e82723b94289d4625b,
b_mt_0051,ff8f8d26972a6138b154cfcc542f43e9996392be0ef01a0ea05dde5824f5aba5,
b_mt_0052,3ec93c9c60b6a414ec37c791b68430e4dc3ac0ba8c2c2d5c2de9ed6eea35afe2,
b_mt_0053,2b092135c1e987b592223af82a87d609c7b7613a69776dda252b24fef219f5b7,
b_mt_0054,dab09d6f3164c5f7390822106ce060777a18beb7d5b542321e62735b69832411,
b_mt_0055,10142d02765f9ad38d3f0c1453214a429a2cc64a6c6555db34a20c1404b770d2,
b_mt_0056,85014f35f8735e412880ae087f031b88aae139ef21dbb2788f655d7139e7b71c,
b_mt_0057,d141249f292384e901aa4504c6354a0965d98204a01c264f2a6ca1df908d8c11,
b_mt_0058,e209a718eabef8e38e4bb3c072ecd4997ec1f6f5bbc8cdb81ba1fa0b2b1df41e,
b_mt_0059,537da8418f8b8db7a2d9a71b5ff4dde44ce728eed4b8c3855cc5cce15dbd2d6e,
b_mt_0060,eb63f14511e3fc435cf727afa69b09409d0f1f7e86c637390d93c8c4da7647de,
b_mt_0061,386316b7eb5d18ae6088d15d544e4f3e53365003a641403dffc3894850c9ad5c,
b_mt_0062,6e9ecca863cd8ea2bea91f57ef4dc01839a74e816137c580f46abc86c2d8bd44,
b_mt_0063,fa009ddd11cbae18eee141814ef7ed57f0e3cf93fd878aa66b91ecdc047e5b6d,
b_mt_0064,1260faad9f873718089380cb5412d5bc6f237a463e4b08d9766cd42ceb0d85b9,
b_mt_0065,fdf56e21ced8ed94d869c30d0649b8f8b16d3f99b957a5958614c341c6ae3617,
b_mt_0066,7aa42003a5e47f96f333c13e18f303723d7675f13ca8ba12102f923b574335f3,
b_mt_0067,dc39c319aeffcd17d239d5a1d561d53293216fc1bc53c119794db6c947501a35,
b_mt_0068,5803c53b3df419febb1cf7e8247e8b08aadf3114422d181971a7f6c365147fb5,
b_mt_0069,0061f182102cec09b6ee30866039a6a0d329dc9c1af6abf23b2efed93c463aec,
b_mt_0070,25c1814178a8cf20bb130265b46b71062e68d50794559f42f854c150b2281e34,
b_mt_0071,26a99d3a76734eda1dfbec0a2b1bfa3244e332ef7e3633347847f0ff381b7901,
b_mt_0072,27a110945b773cf4060cfc9c812567dbf41e4f01205817ff9e35166792bc2bd2,
b_mt_0073,5c7d4275d9aba0e64b9f4ea11715dd75bfa933e5a2b91fcf2c3a15e173c9da37,
b_mt_0074,f48bec27a8f14aeb66ac703f635ed1d09101d465ab225191d22605157b522a1e,
b_mt_0075,10755320e642478a458213e43ba0fe66c3deb33c20dcf80a8e7f57fcc6b14fd2,
b_mt_0076,f722ae304d5bfd33954a321536c2f383dcd62ebb76d53cff05794785fcd19d67,
b_mt_0077,8cbd611114b71ccc27b43ffb43b3baa7a9ff314d35c26af0f6625be6f4b2dd59,
b_mt_0078,b164dd1e697ca444f9e4cf3e9a17deb3a644eaf967b7c4c761855c11d5b8651a,
b_mt_0079,0fe3d3110cfe9e5809f3031fa4fce71badf591d344b74bd5d07c31933f75a054,
b_mt_0080,47e1779cf32ccccb9a39855581c33170e59156b5e83a5ec08611f86426a926e1,
b_mt_0081,fc88cd74a9bf8a9825268e50827ea5895cc43500ff0e96c3fc321deb7d90c2d4,
b_mt_0082,ced61d3d42dd60e038b9dca76db48136d3d25b2988016073ba0ac9136f9b5700,
b_mt_0083,07dbc07344a24807d0d8e08f0012e9415c1d64c4a9967fde4a18e6955fddf7d3,
b_mt_0084,da5d1713da3dc98bc2c3259434b9da4bbfd2c9766b615fec6bcf8f0962535be5,
b_mt_0085,6be42c21fe572534d9a2b9e6972b54809917cd3f778dbe58def162ea22e20adc,
b_mt_0086,a3b48c5496c7d4c967d61e236e5ca364c017e1d95c52ac30d851cc91640836e9,
b_mt_0087,fe9089908b42487099bbd6ec1def1d26a8b7d1f18648ff05fb6d92e6b2abbe21,
b_mt_0088,cc9f54bfd889a49828e749421da38afed98757eb6213439b2abaaf9bd9b180ba,
b_mt_0089,53fa56ec9fb36722cf5a177fc920ced6de710d118675eed91fa95725d7023204,
b_mt_0090,befdc23ffef0ef8feb4bff3570183258c91d93ea2819b01e68587a4080d6cd77,
b_mt_0091,98b61b6f9f1241237eb52b9b2d33df62c7b2ec1a745607cc4dd06bfcd479cf63,
b_mt_0092,54b1809188c5a43cc77bb5ffabeaa693b566fa4628e52ef27c2daaef5518c0d1,
b_mt_0093,39100fc5c3c36f383164ed7cf0529b59a5f6054244818ec9d8cef0132742f2ff,
b_mt_0094,4cc9f8ceb1f00a7019b530ac426276728650fd8de1095072c00b6f9ce610834b,
b_mt_0095,a147cf44e1e3b7d76869fa3d0f5197474a7c3105fedbfbd99d6e41bfe5c10f89,
b_mt_0096,86cc1be8a57d9c04cb7706a2b0c6be1889f18bfc4976b7e838f1f600778ba5d8,
b_mt_0097,98aa62b92ad2d7abfe0284b6b3718181c267acf69d44831ac0cf6e9ee1863c9f,
b_mt_0098,93209e9783b771fe4b34476029fb59fa087824d297eb949b604e23d90df83f53,
b_mt_0099,cf713d4b142ddcbe6117167d6ee01becea70e7488ee2bb9c3c3b6f8208148d92,
b_mt_0100,ac574f2ace894c65e3a7be77251c635803da9a8b6827bc418adb11582fd55054,
b_mt_0101,abd6f19ecbf1d43b3c60d77e1d0af3b0b915fdff796c8579fd25a9f676a0a17e,
b_mt_0102,a450bc6f2bd50a5cad46026986ebcde1502601802c04cfbc1944b00b99d40b1b,
b_mt_0103,4e6cbeacda78180483e4573de3e9f06eb868471b1227dab67f41acca53591831,
b_mt_0104,d4e30a3775b31c98ec76efe2154bdede3603d4e20200dab23279890c8432a603,
b_mt_0105,9a4b5ce537e7823894ef9776397681f2281d522f96752eddccf6a9c693c6bdc1,
b_mt_0106,0f2883fbc99f2be9f31316aac48188e124623e02a3690c417999c8aed4923af8,
b_mt_0107,6f629bdf67ff83dc148190b9d94408358f1b318caf13709026ad465b905f8ce9,
b_mt_0108,802927e42f38bb281ab130ce10f3afceebf0e6d740ca6c5cc5b8fb32e72ed863,
b_mt_0109,1c63e6eb52a64e2107fca570594fc19950ed8a1853227f270b3cb94a8d7a59c9,
b_mt_0110,b78a580d9e48734c8c91c2edc8d624a28c878069a2c49fb2c1fd8bd31a9c8037,
b_mt_0111,ad687411d17ba8839a5e5870146006d9fd00bea3411dfe564a73feb0a5f1ac59,
b_mt_0112,a0bda8dbff7a27e9e99b94f09c5201c645c8fbc99c0f39e82ff86a8d76201559,
b_mt_0113,38f54904993821d0c851bc6218641388665fd08dc8148d1e717c06a2f93e3890,
b_mt_0114,deda3c6b418a70ecd37e871b2bb64a6c87b0f31d3792ade46f797796d5d9fc56,
b_mt_0115,ac0d202a8ae8831e497597fd261ccaf7b12d0e6abf7122d825508847c9073489,
b_mt_0116,3e3aca1847fa067a6b2b1f96117016793a4ea76bb91b49efcc51c5a7ab899c7b,
b_mt_0117,ae04451c51ecec5fc06028955809b1c56b886d4e7119f6547dc18d403f332fa1,
b_mt_0118,e44c1772b3376fc845e9b28baba60de8294b678c20c5918f089ec2fef0de86c4,
b_mt_0119,f42cf74b63a7c26ff5e1f87d7096107e3d70a54ae0fdd1afc620eca69002f728,
b_mt_0120,6f62fedb6d4b56985e77d70e1c5f9a3aeda00bfedd07aeda60ae6426f3b049af,
